{"chunk_definitions":[{"row":28,"row_count":1,"visible":true,"expansion_state":0,"options":{"engine":"r","label":"setup","include":false,"cache":false},"document_id":"FEB297F5","chunk_id":"csetup_chunk","chunk_label":"setup"},{"row":96,"row_count":1,"visible":true,"expansion_state":0,"options":{"engine":"r","label":"unnamed-chunk-4"},"document_id":"FEB297F5","chunk_id":"c921bumxaa63d","chunk_label":"unnamed-chunk-3"},{"row":147,"row_count":1,"visible":true,"expansion_state":0,"options":{"engine":"r","label":"unnamed-chunk-3"},"document_id":"FEB297F5","chunk_id":"c0hiuppfw0lvn","chunk_label":"unnamed-chunk-6"}],"doc_write_time":1709570015,"chunk_rendered_width":589}