"0",""
"0","# Segment 1: sample size = 99"
"0",""
"0","# 1.a) Virtually use shovel 1000 times"
"0","virtual_samples_99 <- bowl %>% "
"0","  rep_sample_n(size = 99, reps = 1000)"
"0",""
"0","# 1.b) Compute resulting 1000 replicates of proportion red"
"0","virtual_prop_red_99 <- virtual_samples_99 %>% "
"0","  group_by(replicate) %>% "
"0","  summarize(red = sum(color == ""red"")) %>% "
"0","  mutate(prop_red = red / 99)"
"0",""
"0","# 1.c) Plot distribution via a histogram"
"0","ggplot(virtual_prop_red_99, aes(x = prop_red)) +"
"0","  geom_histogram(binwidth = 0.05, boundary = 0.4, color = ""white"") +"
"0","  # Remember to edit this axis label to match your sample size"
"0","  labs(x = ""Proportion of 99 balls that were red"", title = ""99 Balls"") "
