"","id","study_code","exp1","exp2","exp3","exp4","exp5","dob","dot1","dot2","dot3","female","dad","train","Baseline_Proportion_Gaze_to_Singer","Familiarization_Gaze_to_Familiar","Familiarization_Gaze_to_Unfamiliar","Test_Proportion_Gaze_to_Singer","Difference_in_Proportion_Looking","Estimated_Total_Number_of_Song","totskypesing","stim","othersing","comply_no","module","skype_before","ammat","ammar","ammatot","ammapr","ipad_num","famtot_6","unfamtot_6","totprac","totw","totnw","age","length","delay","mtotsing","mbabylike","msingcomf","mtotrecord","m_othersong","pright","diarymissing","comply_fup","survey_completion","smsingrate","smtalkrate","gzsingrate","gztalkrate","famtot","unfamtot","totsing1","babylike1","singcomf1","totrecord1","othersong1","dtword1","dtnoword1","totsing2","babylike2","singcomf2","totrecord2","othersong2","dtword2","dtnoword2","totsing3","babylike3","singcomf3","totrecord3","othersong3","dtword3","dtnoword3","totsing4","babylike4","singcomf4","totrecord4","othersong4","dtword4","dtnoword4","totsing5","babylike5","singcomf5","totrecord5","othersong5","dtword5","dtnoword5","totsing6","babylike6","singcomf6","totrecord6","othersong6","dtword6","dtnoword6","totsing7","babylike7","singcomf7","totrecord7","othersong7","dtword7","dtnoword7","totsing8","babylike8","singcomf8","totrecord8","othersong8","dtword8","dtnoword8","totsing9","babylike9","singcomf9","totrecord9","othersong9","dtword9","dtnoword9","totsing10","babylike10","singcomf10","totrecord10","othersong10","dtword10","dtnoword10","totsing11","babylike11","singcomf11","totrecord11","othersong11","dtword11","dtnoword11","totsing12","babylike12","singcomf12","totrecord12","othersong12","dtword12","dtnoword12","totsing13","babylike13","singcomf13","totrecord13","othersong13","dtword13","dtnoword13","totsing14","babylike14","singcomf14","totrecord14","othersong14","dtword14","dtnoword14","filter_$"
"1",101,"""""LUL""""",1,0,0,NA,NA,"09oct2012","29mar2013","05apr2013","",0,0,2,0.4371257,248,419,0.6027398,0.165614,35,NA,"""""C1""""",0,NA,"""""""""",NA,17,26,43,26,NA,NA,NA,15.49416,793.392,0,5.848049,7,NA,5,3,3.857143,0.5714286,3.285714,0.8,0,1,1,NA,NA,NA,NA,NA,NA,7,3,3,0,6,293.0226,91.92855,5,3,4,0,8,53.27683,25.58346,5,3,4,0,0,79.91525,0,5,3,4,0,9,159.6061,18.74565,4,3,4,2,0,78.93342,0,5,3,4,2,0,76.71582,0,4,3,4,0,0,0,0,NA,NA,NA,NA,NA,51.92201,0,NA,NA,NA,NA,NA,0,0,NA,NA,NA,NA,NA,0,0,NA,NA,NA,NA,NA,0,0,NA,NA,NA,NA,NA,0,0,NA,NA,NA,NA,NA,0,0,NA,NA,NA,NA,NA,0,0,1
"2",102,"""""LUL""""",1,0,0,NA,NA,"16nov2012","10may2013","17may2013","",0,1,1,0.4125326,406,307,0.6830266,0.270494,239,NA,"""""C1""""",1,NA,"""""""""",NA,27,28,55,62,NA,NA,NA,5.421422,153.7889,0,5.979466,7,NA,34.14286,2.142857,4,22.28572,1.714286,0.8,0,1,1,NA,NA,NA,NA,NA,NA,6,2,4,20,0,55.80707,25.28744,25,2,4,50,12,24.16411,0,50,3,4,30,0,0,0,30,2,4,16,0,0,0,40,2,4,30,0,0,0,50,2,4,5,0,24.7315,0,38,2,4,5,0,49.08626,146.209,NA,NA,NA,NA,NA,0,0,NA,NA,NA,NA,NA,0,0,NA,NA,NA,NA,NA,0,0,NA,NA,NA,NA,NA,0,0,NA,NA,NA,NA,NA,0,0,NA,NA,NA,NA,NA,0,0,NA,NA,NA,NA,NA,0,0,1
"3",103,"""""LUL""""",1,0,0,NA,NA,"26nov2012","11may2013","20may2013","",0,0,1,0.754491,154,218,0.7241379,-0.0303531,102,NA,"""""C2""""",0,NA,"""""""""",NA,31,34,65,84,NA,NA,NA,5.451066,0,223.847,5.749486,9,NA,11.33333,1.333333,3,0,0,0.96,3,1,0.6666667,NA,NA,NA,NA,NA,NA,8,2,3,0,0,24.555,78.63,25,1,4,0,0,24.555,145.217,8,2,3,0,0,0,0,15,1,2,0,0,23.962,0,6,1,3,0,0,0,0,6,1,3,0,0,0,0,NA,NA,NA,NA,NA,30.145,0,NA,NA,NA,NA,NA,0,0,NA,NA,NA,NA,NA,0,0,NA,NA,NA,NA,NA,0,0,NA,NA,NA,NA,NA,0,0,NA,NA,NA,NA,NA,0,0,NA,NA,NA,NA,NA,0,0,NA,NA,NA,NA,NA,0,0,1
"4",104,"""""LUL""""",1,0,0,NA,NA,"19nov2012","11may2013","18may2013","",1,0,2,0.4388778,502,666,0.2816538,-0.157224,27,NA,"""""C3""""",1,NA,"""""""""",NA,25,24,49,44,NA,NA,NA,22.339,1163.583,0,5.913758,7,NA,3.857143,3.428571,2.428571,0.4285714,0,1,0,1,1,NA,NA,NA,NA,NA,NA,3,4,2,0,0,13.81173,76.20277,6,3,3,2,0,384.781,0,6,4,3,0,0,185.3951,100.5546,0,3,2,0,0,321.9076,0,4,3,3,0,0,26.45007,0,4,3,2,1,0,79.3502,0,4,4,2,0,0,106.1017,0,NA,NA,NA,NA,NA,45.78514,0,NA,NA,NA,NA,NA,0,0,NA,NA,NA,NA,NA,0,0,NA,NA,NA,NA,NA,0,0,NA,NA,NA,NA,NA,0,0,NA,NA,NA,NA,NA,0,0,NA,NA,NA,NA,NA,0,0,1
"5",105,"""""LUL""""",1,0,0,NA,NA,"29nov2012","15may2013","29may2013","",1,0,2,0.474645,311,245,0.4985423,0.0238973,60,NA,"""""C4""""",0,NA,"""""""""",NA,29,28,57,68,NA,NA,NA,2.793547,157.9989,0,5.946612,14,NA,4.285714,3.142857,4.071429,4.428571,0,1,0,1,1,NA,NA,NA,NA,NA,NA,8,2,3,2,0,131.3605,9.613913,5,3,4,0,0,26.63842,0,6,3,4,0,0,0,0,6,3,4,12,0,0,0,5,4,5,10,0,0,0,6,4,5,0,0,0,0,4,4,4,3,0,0,0,3,3,4,4,0,0,0,4,3,4,0,0,0,0,3,3,4,6,0,0,0,4,3,4,6,0,0,0,2,3,4,4,0,0,0,0,3,4,15,0,0,0,4,3,4,0,0,0,0,1
"6",106,"""""LUL""""",1,0,0,NA,NA,"05dec2012","16may2013","29may2013","",0,0,2,0.8709016,639,533,0.9509202,0.0800186,126,NA,"""""C5""""",0,NA,"""""""""",NA,33,33,66,86,NA,NA,NA,10.28441,317.7464,0,5.749486,13,NA,9.692307,3.923077,4.615385,3.769231,2.153846,0.64,0,1,1,NA,NA,NA,NA,NA,NA,9,4,4,20,0,26.45007,0,12,4,5,6,0,79.33268,127.4757,10,3,4,0,0,52.89915,50.00899,9,4,5,8,0,26.45007,25.56155,8,4,5,0,0,0,0,7,4,4,0,0,26.55729,45.15263,10,4,4,1,0,53.07892,25.54979,7,4,5,0,0,0,0,16,4,5,12,0,0,0,8,4,4,0,0,0,0,12,4,5,0,28,0,0,8,4,5,2,0,0,0,10,4,5,0,0,52.97826,25.5694,NA,NA,NA,NA,NA,0,0,1
"7",107,"""""LUL""""",1,0,0,NA,NA,"13dec2012","17may2013","29may2013","",1,0,1,0.236715,28,460,0.4177546,0.1810396,134.6667,NA,"""""C6""""",2,NA,"""""""""",NA,28,33,61,76,NA,NA,NA,15.65549,0,259.2986,5.486653,12,NA,11.22222,2.888889,4.111111,3,9.444445,0.96,3,1,0.75,NA,NA,NA,NA,NA,NA,12,3,3,2,8,171.8019,81.36234,8,3,4,4,7,196.3433,177.9362,16,4,4,5,0,90.86707,0,10,2,3,0,21,73.66531,0,12,2,4,0,13,73.68774,0,10,3,5,5,9,0,0,6,3,4,2,10,0,0,15,3,5,5,10,0,0,12,3,5,4,7,24.5551,0,NA,NA,NA,NA,NA,49.1102,0,NA,NA,NA,NA,NA,0,0,NA,NA,NA,NA,NA,0,0,NA,NA,NA,NA,NA,0,0,NA,NA,NA,NA,NA,0,0,1
"8",108,"""""LUL""""",1,0,0,NA,NA,"07dec2012","17may2013","31may2013","",0,0,1,0.7592593,537,440,0.9382023,0.178943,63.77777,NA,"""""C7""""",2,NA,"""""""""",NA,30,28,58,70,NA,NA,NA,9.270391,556.2234,0,5.749486,14,NA,4.555555,3.888889,3.666667,8,0,0.84,5,1,0.6428571,NA,NA,NA,NA,NA,NA,5,3,3,10,0,293.8942,0,7,3,4,15,0,24.57818,0,4,4,4,20,0,0,0,4,4,3,2,0,0,0,3,4,3,3,0,24.55023,0,4,4,4,3,0,0,0,4,5,4,6,0,0,0,5,4,4,3,0,0,0,5,4,4,10,0,139.5715,0,NA,NA,NA,NA,NA,0,0,NA,NA,NA,NA,NA,73.62939,0,NA,NA,NA,NA,NA,0,0,NA,NA,NA,NA,NA,0,0,NA,NA,NA,NA,NA,0,0,1
"9",109,"""""LUL""""",1,0,0,NA,NA,"24nov2012","20may2013","29may2013","",0,0,2,0.4163347,269,520,0.5,0.0836653,44,NA,"""""C8""""",0,NA,"""""""""",NA,19,27,46,35,NA,NA,NA,4.592237,0,249.0842,6.110883,9,NA,4.888889,3.111111,3.222222,2.222222,7.666667,0.52,0,1,1,NA,NA,NA,NA,NA,NA,5,2,2,4,16,26.45007,198.0267,10,3,2,0,15,0,51.05744,5,3,3,3,14,0,0,4,3,3,2,12,0,0,4,4,4,0,0,0,0,4,4,4,0,12,0,0,3,3,4,0,0,0,0,4,3,4,5,0,0,0,5,3,3,6,0,0,0,NA,NA,NA,NA,NA,0,0,NA,NA,NA,NA,NA,0,0,NA,NA,NA,NA,NA,0,0,NA,NA,NA,NA,NA,0,0,NA,NA,NA,NA,NA,0,0,1
"10",110,"""""LUL""""",1,0,0,NA,NA,"21dec2012","28may2013","04jun2013","",1,0,1,0.7995338,629,649,0.5862944,-0.2132394,55,NA,"""""C1""""",0,NA,"""""""""",NA,27,29,56,65,NA,NA,NA,1.005501,60.33006,0,5.420945,7,NA,7.857143,4.142857,4.857143,2.857143,2.428571,0.92,0,1,1,NA,NA,NA,NA,NA,NA,15,5,4,4,0,49.463,0,10,4,5,2,17,10.86706,0,10,4,5,3,0,0,0,5,4,5,0,0,0,0,5,4,5,3,0,0,0,5,4,5,3,0,0,0,5,4,5,5,0,0,0,NA,NA,NA,NA,NA,0,0,NA,NA,NA,NA,NA,0,0,NA,NA,NA,NA,NA,0,0,NA,NA,NA,NA,NA,0,0,NA,NA,NA,NA,NA,0,0,NA,NA,NA,NA,NA,0,0,NA,NA,NA,NA,NA,0,0,1
"11",111,"""""LUL""""",1,0,0,NA,NA,"06dec2012","30may2013","10jun2013","",1,0,2,0.3786765,437,524,0.4726225,0.093946,88,NA,"""""C2""""",1,NA,"""""""""",NA,28,25,53,56,NA,NA,NA,0.0292358,1.754148,0,6.110883,11,NA,8,4.222222,4.666667,3.222222,0,0.8,2,1,0.8181818,NA,NA,NA,NA,NA,NA,15,3,4,0,0,1.754148,0,8,4,4,6,0,0,0,12,4,4,6,0,0,0,5,4,5,3,0,0,0,6,4,5,2,0,0,0,8,5,5,2,0,0,0,5,5,5,0,0,0,0,9,5,5,10,0,0,0,4,4,5,0,0,0,0,NA,NA,NA,NA,NA,0,0,NA,NA,NA,NA,NA,0,0,NA,NA,NA,NA,NA,0,0,NA,NA,NA,NA,NA,0,0,NA,NA,NA,NA,NA,0,0,1
"12",112,"""""LUL""""",1,0,0,NA,NA,"23oct2012","03apr2013","10apr2013","",1,1,1,0.6978922,603,0,0.5083799,-0.1895124,53.66666,NA,"""""C2""""",0,NA,"""""""""",NA,22,22,44,29,NA,NA,NA,0.4121917,24.7315,0,5.552361,7,NA,7.666667,2.666667,3.833333,13.33333,0,0.96,1,1,0.8571429,NA,NA,NA,NA,NA,NA,10,2,3,15,0,24.7315,0,7,2,4,15,0,0,0,4,2,4,30,0,0,0,0,3,4,15,0,0,0,15,4,4,0,0,0,0,10,3,4,5,0,0,0,NA,NA,NA,NA,NA,0,0,NA,NA,NA,NA,NA,0,0,NA,NA,NA,NA,NA,0,0,NA,NA,NA,NA,NA,0,0,NA,NA,NA,NA,NA,0,0,NA,NA,NA,NA,NA,0,0,NA,NA,NA,NA,NA,0,0,NA,NA,NA,NA,NA,0,0,1
"13",113,"""""LUL""""",1,0,0,NA,NA,"13dec2012","30may2013","06jun2013","",1,0,1,0.5934066,546,613,0.8111888,0.2177822,59.5,NA,"""""C3""""",0,NA,"""""""""",NA,20,25,45,32,NA,NA,NA,2.795225,167.7135,0,5.749486,7,NA,8.5,3.5,4.333333,1.666667,19.83333,1,1,1,0.8571429,NA,NA,NA,NA,NA,NA,10,3,4,3,0,122.7755,0,5,3,3,2,21,0,0,7,3,4,1,18,20.38289,0,10,4,5,0,29,0,0,12,4,5,2,26,24.5551,0,7,4,5,2,25,0,0,NA,NA,NA,NA,NA,0,0,NA,NA,NA,NA,NA,0,0,NA,NA,NA,NA,NA,0,0,NA,NA,NA,NA,NA,0,0,NA,NA,NA,NA,NA,0,0,NA,NA,NA,NA,NA,0,0,NA,NA,NA,NA,NA,0,0,NA,NA,NA,NA,NA,0,0,1
"14",114,"""""LUL""""",1,0,0,NA,NA,"12dec2012","30may2013","06jun2013","",1,0,2,0.6149068,625,532,0.5718015,-0.0431053,94,NA,"""""C4""""",0,NA,"""""""""",NA,20,22,42,23,NA,NA,NA,2.809817,92.104,0,5.782341,7,NA,13.42857,5,4.285714,7.428571,0,0.68,0,1,1,NA,NA,NA,NA,NA,NA,15,5,4,15,0,18.276,25.495,8,5,4,2,0,31.861,50.99,8,5,4,10,0,23.053,0,15,5,4,12,0,9.828,0,20,5,4,5,0,9.086,0,20,5,5,3,0,0,0,8,5,5,5,0,0,0,NA,NA,NA,NA,NA,0,0,NA,NA,NA,NA,NA,0,0,NA,NA,NA,NA,NA,0,0,NA,NA,NA,NA,NA,0,0,NA,NA,NA,NA,NA,0,0,NA,NA,NA,NA,NA,0,0,NA,NA,NA,NA,NA,0,0,1
"15",115,"""""LUL""""",1,0,0,NA,NA,"19dec2012","07jun2013","14jun2013","",0,0,1,0.6149068,401,321,0.7774481,0.1625412,54,NA,"""""C6""""",1,NA,"""""""""",NA,31,29,60,74,NA,NA,NA,0.8992158,0,29.22145,5.815195,7,NA,7.714286,2.857143,5,4.714286,0.8571429,1,0,1,1,NA,NA,NA,NA,NA,NA,0,3,5,1,0,0,4.953094,12,2,5,20,0,0,24.26836,7,2,5,0,0,0,0,9,3,5,0,0,24.7315,0,5,3,5,3,0,0,0,18,4,5,5,6,0,0,3,3,5,4,0,0,0,NA,NA,NA,NA,NA,0,0,NA,NA,NA,NA,NA,0,0,NA,NA,NA,NA,NA,0,0,NA,NA,NA,NA,NA,0,0,NA,NA,NA,NA,NA,0,0,NA,NA,NA,NA,NA,0,0,NA,NA,NA,NA,NA,0,0,1
"16",116,"""""LUL""""",1,0,0,NA,NA,"11jan2013","10jun2013","17jun2013","",0,0,1,0.3168317,611,548,0.2628458,-0.0539858,26,NA,"""""C7""""",0,NA,"""""""""",NA,32,33,65,84,NA,NA,NA,0.4212921,0,25.27752,5.158111,7,NA,3.714286,3.571429,4.142857,2.428571,3.142857,1,0,1,1,NA,NA,NA,NA,NA,NA,4,3,4,3,14,0,25.27752,3,3,4,2,0,0,0,7,4,4,3,0,0,0,4,3,4,2,0,0,0,2,4,4,0,0,0,0,3,4,4,3,8,0,0,3,4,5,4,0,0,0,NA,NA,NA,NA,NA,0,0,NA,NA,NA,NA,NA,0,0,NA,NA,NA,NA,NA,0,0,NA,NA,NA,NA,NA,0,0,NA,NA,NA,NA,NA,0,0,NA,NA,NA,NA,NA,0,0,NA,NA,NA,NA,NA,0,0,1
"17",117,"""""LUL""""",1,0,0,NA,NA,"13jan2013","10jun2013","22jun2013","",1,0,1,0.3104167,525,662,0.5079365,0.1975199,44,NA,"""""C8""""",0,NA,"""""""""",NA,27,27,54,59,NA,NA,NA,8.838828,354.8344,0,5.256673,12,NA,3.666667,3.416667,3.25,0,0,0.72,0,1,1,NA,NA,NA,NA,NA,NA,4,3,4,0,0,74.1945,50.74892,4,4,4,0,0,74.1945,124.7464,5,4,4,0,0,49.463,0,5,4,3,0,0,49.463,0,4,3,3,0,0,58.05636,0,0,1,3,0,0,0,0,5,4,3,0,0,49.463,0,4,3,3,0,0,0,0,3,4,3,0,0,0,0,3,4,3,0,0,0,0,4,3,3,0,0,0,0,3,4,3,0,0,0,0,NA,NA,NA,NA,NA,0,0,NA,NA,NA,NA,NA,0,0,1
"18",118,"""""LUL""""",1,0,0,NA,NA,"15jan2013","11jun2013","18jun2013","",0,0,2,0.5043668,506,472,0.4369748,-0.067392,23,NA,"""""C1""""",0,NA,"""""""""",NA,27,31,58,70,NA,NA,NA,3.599689,155.884,0,5.059548,7,NA,3.285714,2.714286,2.857143,10.71429,0,0.84,0,1,1,NA,NA,NA,NA,NA,NA,4,1,3,3,0,26.53506,9.130268,0,1,2,15,0,0,50.96708,7,4,3,15,0,0,0,5,3,3,12,0,0,0,2,3,3,0,0,79.3502,0,3,3,3,15,0,0,0,2,4,3,15,0,0,0,NA,NA,NA,NA,NA,49.9987,0,NA,NA,NA,NA,NA,0,0,NA,NA,NA,NA,NA,0,0,NA,NA,NA,NA,NA,0,0,NA,NA,NA,NA,NA,0,0,NA,NA,NA,NA,NA,0,0,NA,NA,NA,NA,NA,0,0,1
"19",119,"""""LUL""""",1,0,0,NA,NA,"17jan2013","17jun2013","24jun2013","",0,1,1,0.4693396,603,573,0.5421053,0.0727656,38,NA,"""""C2""""",0,NA,"""""""""",NA,20,26,46,35,NA,NA,NA,19.23616,764.5626,0,5.190965,7,NA,5.428571,3.857143,4,1.285714,0,0.56,0,1,1,NA,NA,NA,NA,NA,NA,8,4,4,0,0,208.2161,177.0181,6,3,3,5,0,225.1051,48.65501,7,4,4,0,0,243.5671,25.37446,5,4,4,0,0,49.463,0,5,4,5,0,0,38.2113,138.5596,3,4,4,0,0,0,0,4,4,4,4,0,0,0,NA,NA,NA,NA,NA,0,0,NA,NA,NA,NA,NA,0,0,NA,NA,NA,NA,NA,0,0,NA,NA,NA,NA,NA,0,0,NA,NA,NA,NA,NA,0,0,NA,NA,NA,NA,NA,0,0,NA,NA,NA,NA,NA,0,0,1
"20",120,"""""LUL""""",1,0,0,NA,NA,"15oct2012","05apr2013","12apr2013","",1,1,1,0.5040816,436,432,0.6008968,0.0968152,31,NA,"""""C3""""",1,NA,"""""""""",NA,25,29,54,59,NA,NA,NA,3.335714,0,116.1673,5.880904,7,NA,4.428571,2.428571,3.285714,3.285714,0,0.8,0,1,1,NA,NA,NA,NA,NA,NA,5,2,3,1,0,0,71.62625,8,2,3,15,0,24.57735,43.708,7,2,4,0,0,0,0,3,4,3,3,0,34.85505,0.833062,1,4,3,2,0,0,0,0,1,3,2,0,0,0,7,2,4,0,0,0,0,NA,NA,NA,NA,NA,24.54313,0,NA,NA,NA,NA,NA,0,0,NA,NA,NA,NA,NA,0,0,NA,NA,NA,NA,NA,0,0,NA,NA,NA,NA,NA,0,0,NA,NA,NA,NA,NA,0,0,NA,NA,NA,NA,NA,0,0,1
"21",121,"""""LUL""""",1,0,0,NA,NA,"19jan2013","21jun2013","28jun2013","",0,0,2,0.5640327,367,190,0.4186747,-0.145358,78.4,NA,"""""C5""""",0,NA,"""""""""",NA,18,19,37,12,NA,NA,NA,1.314338,53.27683,0,5.256673,7,NA,11.2,3.6,4.6,1,0,1,2,1,0.7142857,NA,NA,NA,NA,NA,NA,12,3,4,0,0,53.27683,25.58346,18,4,4,0,0,0,0,10,4,5,0,0,0,0,6,3,5,0,0,0,0,10,4,5,5,0,0,0,NA,NA,NA,NA,NA,0,0,NA,NA,NA,NA,NA,0,0,NA,NA,NA,NA,NA,0,0,NA,NA,NA,NA,NA,0,0,NA,NA,NA,NA,NA,0,0,NA,NA,NA,NA,NA,0,0,NA,NA,NA,NA,NA,0,0,NA,NA,NA,NA,NA,0,0,NA,NA,NA,NA,NA,0,0,1
"22",122,"""""LUL""""",1,0,0,NA,NA,"21jan2013","24jun2013","01jul2013","",1,0,1,0.2566372,282,465,0.7894737,0.5328366,135,NA,"""""C5""""",0,NA,"""""""""",NA,28,29,57,68,NA,NA,NA,8.793594,0,343.7641,5.289528,7,NA,19.28572,3,4.428571,10,0,0.96,0,1,1,NA,NA,NA,NA,NA,NA,30,3,4,15,0,112.7346,212.4499,25,4,5,0,0,0,0,20,3,5,5,0,23.19954,47.27182,15,3,4,25,0,0,0,15,3,5,10,0,23.18593,34.69049,20,3,4,0,0,0,0,10,2,4,15,0,0,0,NA,NA,NA,NA,NA,24.7315,49.35186,NA,NA,NA,NA,NA,0,0,NA,NA,NA,NA,NA,0,0,NA,NA,NA,NA,NA,0,0,NA,NA,NA,NA,NA,0,0,NA,NA,NA,NA,NA,0,0,NA,NA,NA,NA,NA,0,0,1
"23",123,"""""LUL""""",1,0,0,NA,NA,"17jan2013","28jun2013","05jul2013","",1,0,2,0.7,517,432,0.7601078,0.0601078,26,NA,"""""C6""""",0,NA,"""""""""",NA,26,29,55,62,NA,NA,NA,3.623107,0,137.9676,5.552361,7,NA,3.714286,3.142857,4.142857,8,3.285714,0.88,0,1,1,NA,NA,NA,NA,NA,NA,5,3,2,20,0,26.45339,25.48354,6,3,5,20,10,0,37.9253,5,3,5,0,0,0,26.16751,3,3,5,10,13,0,0,1,3,4,2,0,0,48.39124,4,4,4,4,0,0,0,2,3,4,0,0,0,0,NA,NA,NA,NA,NA,52.96546,0,NA,NA,NA,NA,NA,0,0,NA,NA,NA,NA,NA,0,0,NA,NA,NA,NA,NA,0,0,NA,NA,NA,NA,NA,0,0,NA,NA,NA,NA,NA,0,0,NA,NA,NA,NA,NA,0,0,1
"24",124,"""""LUL""""",1,0,0,NA,NA,"25jan2013","29jun2013","13jul2013","",1,1,2,0.3823529,525,421,0.6238938,0.2415408,120.9091,NA,"""""C7""""",1,NA,"""""""""",NA,33,33,66,86,NA,NA,NA,0.4439736,26.63842,0,5.552361,14,NA,8.636364,3.272727,4.727273,7.181818,0,0.8,3,1,0.7857143,NA,NA,NA,NA,NA,NA,3,3,2,1,0,26.63842,0,12,4,5,20,0,0,0,12,4,5,0,0,0,0,5,3,5,3,0,0,0,20,3,5,5,0,0,0,5,3,5,10,0,0,0,12,4,5,20,0,0,0,3,3,5,5,0,0,0,8,3,5,15,0,0,0,5,3,5,0,0,0,0,10,3,5,0,0,0,0,NA,NA,NA,NA,NA,0,0,NA,NA,NA,NA,NA,0,0,NA,NA,NA,NA,NA,0,0,1
"25",125,"""""LUL""""",1,0,0,NA,NA,"25jan2013","09jul2013","16jul2013","",0,0,1,0.3718593,519,578,0.3664122,-0.0054471,13,NA,"""""C8""""",0,NA,"""""""""",NA,26,29,55,62,NA,NA,NA,1.650107,73.73187,0,5.650924,7,NA,1.857143,4.428571,4.857143,1.428571,0,0.96,0,1,1,NA,NA,NA,NA,NA,NA,1,2,4,0,0,49.13915,25.27456,4,5,5,1,0,24.59273,0,0,5,5,0,0,0,0,1,4,5,5,0,0,0,1,5,5,2,0,0,0,4,5,5,1,0,0,0,2,5,5,1,0,0,0,NA,NA,NA,NA,NA,0,0,NA,NA,NA,NA,NA,0,0,NA,NA,NA,NA,NA,0,0,NA,NA,NA,NA,NA,0,0,NA,NA,NA,NA,NA,0,0,NA,NA,NA,NA,NA,0,0,NA,NA,NA,NA,NA,0,0,1
"26",126,"""""LUL""""",1,0,0,NA,NA,"12feb2013","10jul2013","17jul2013","",0,0,2,0.2844639,592,554,0.4615385,0.1770746,245,NA,"""""C7""""",1,NA,"""""""""",NA,34,31,65,84,NA,NA,NA,6.138217,0,77.21062,5.092402,7,NA,35,3.285714,4.857143,24.28572,0,1,0,1,1,NA,NA,NA,NA,NA,NA,40,4,4,30,0,291.0824,77.21062,50,4,5,30,0,0,0,30,3,5,30,0,0,0,40,3,5,20,0,0,0,25,3,5,30,0,0,0,30,3,5,10,0,0,0,30,3,5,20,0,0,0,NA,NA,NA,NA,NA,0,0,NA,NA,NA,NA,NA,0,0,NA,NA,NA,NA,NA,0,0,NA,NA,NA,NA,NA,0,0,NA,NA,NA,NA,NA,0,0,NA,NA,NA,NA,NA,0,0,NA,NA,NA,NA,NA,0,0,1
"27",127,"""""LUL""""",1,0,0,NA,NA,"23jan2013","12jul2013","19jul2013","",0,0,1,0.7678161,425,336,0.8995215,0.1317055,66.5,NA,"""""C3""""",0,NA,"""""""""",NA,16,19,35,8,NA,NA,NA,0.8302947,0,25.27456,5.815195,7,NA,9.5,4,4.666667,8.5,0,0.68,1,1,0.8571429,NA,NA,NA,NA,NA,NA,20,4,4,20,0,24.54313,25.27456,10,4,4,15,0,0,0,10,4,5,5,0,0,0,7,4,5,5,0,0,0,5,4,5,3,0,0,0,5,4,5,3,0,0,0,NA,NA,NA,NA,NA,0,0,NA,NA,NA,NA,NA,0,0,NA,NA,NA,NA,NA,0,0,NA,NA,NA,NA,NA,0,0,NA,NA,NA,NA,NA,0,0,NA,NA,NA,NA,NA,0,0,NA,NA,NA,NA,NA,0,0,NA,NA,NA,NA,NA,0,0,1
"28",128,"""""LUL""""",1,0,0,NA,NA,"23feb2013","29jul2013","05aug2013","",1,0,1,0.4737864,408,352,0.5311005,0.057314,63,NA,"""""C4""""",0,NA,"""""""""",NA,30,31,61,76,NA,NA,NA,7.668932,375.9897,0,5.355236,7,NA,9,3.571429,4.285714,9.285714,3.714286,0.8,0,1,1,NA,NA,NA,NA,NA,NA,8,4,4,20,0,264.5874,69.73813,10,3,5,20,0,0,14.40809,8,3,5,10,0,24.57798,0,6,4,4,0,11,0,0,15,4,4,0,15,86.82429,0,6,3,3,15,0,0,0,10,4,5,0,0,0,0,NA,NA,NA,NA,NA,0,0,NA,NA,NA,NA,NA,0,0,NA,NA,NA,NA,NA,0,0,NA,NA,NA,NA,NA,0,0,NA,NA,NA,NA,NA,0,0,NA,NA,NA,NA,NA,0,0,NA,NA,NA,NA,NA,0,0,1
"29",129,"""""LUL""""",1,0,0,NA,NA,"27feb2013","29jul2013","05aug2013","",0,0,2,0.8212181,621,493,0.5418994,-0.2793186,57.16667,NA,"""""C8""""",0,NA,"""""""""",NA,NA,NA,NA,NA,NA,NA,NA,2.433233,145.994,0,5.223819,7,NA,8.166667,4,5,13.66667,4.5,0.72,1,1,0.8571429,NA,NA,NA,NA,NA,NA,8,4,5,15,8,79.42399,0,12,4,5,15,6,0,0,6,4,5,10,7,26.48727,0,8,4,5,20,6,0,0,9,4,5,10,0,0,0,6,4,5,12,0,0,0,NA,NA,NA,NA,NA,40.08272,0,NA,NA,NA,NA,NA,0,0,NA,NA,NA,NA,NA,0,0,NA,NA,NA,NA,NA,0,0,NA,NA,NA,NA,NA,0,0,NA,NA,NA,NA,NA,0,0,NA,NA,NA,NA,NA,0,0,NA,NA,NA,NA,NA,0,0,1
"30",130,"""""LUL""""",1,0,0,NA,NA,"11oct2012","05apr2013","13apr2013","",1,0,2,0.5901639,662,608,0.7003891,0.1102251,29.71428,NA,"""""C5""""",1,NA,"""""""""",NA,24,29,53,56,NA,NA,NA,0.441034,26.46204,0,6.045175,8,NA,3.714286,3.857143,4.714286,4.857143,0,1,1,1,0.875,NA,NA,NA,NA,NA,NA,2,3,5,3,0,26.46204,0,4,4,4,5,0,0,0,4,4,4,6,0,0,0,4,4,5,3,0,0,0,5,4,5,3,0,0,0,4,4,5,7,0,0,0,3,4,5,7,0,0,0,NA,NA,NA,NA,NA,0,0,NA,NA,NA,NA,NA,0,0,NA,NA,NA,NA,NA,0,0,NA,NA,NA,NA,NA,0,0,NA,NA,NA,NA,NA,0,0,NA,NA,NA,NA,NA,0,0,NA,NA,NA,NA,NA,0,0,1
"31",131,"""""LUL""""",1,0,0,NA,NA,"17oct2012","06apr2013","13apr2013","",1,0,2,0.4220374,580,645,0.7629629,0.3409255,70,NA,"""""C4""""",0,NA,"""""""""",NA,24,21,45,32,NA,NA,NA,4.416657,264.9995,0,5.848049,7,NA,10,2.285714,4,2.857143,0,0.76,0,1,1,NA,NA,NA,NA,NA,NA,10,2,3,6,0,78.54792,0,20,2,3,0,0,79.91525,0,8,2,4,4,0,53.6758,0,8,2,4,6,0,0,0,6,2,4,4,0,52.86048,0,12,3,5,0,0,0,0,6,3,5,0,0,0,0,NA,NA,NA,NA,NA,0,0,NA,NA,NA,NA,NA,0,0,NA,NA,NA,NA,NA,0,0,NA,NA,NA,NA,NA,0,0,NA,NA,NA,NA,NA,0,0,NA,NA,NA,NA,NA,0,0,NA,NA,NA,NA,NA,0,0,1
"32",132,"""""LUL""""",1,0,0,NA,NA,"01dec2012","08may2013","15may2013","",1,1,2,0.4354839,452,489,0.460274,0.0247901,140,NA,"""""C6""""",1,NA,"""""""""",NA,20,23,43,26,NA,NA,NA,2.992643,26.53624,0,5.420945,7,NA,20,3.5,4.166667,3.666667,0,0.88,1,1,0.8571429,NA,NA,NA,NA,NA,NA,10,3,3,4,0,26.53624,25.53787,15,4,4,0,0,0,76.5043,45,4,5,4,0,0,0,20,3,5,5,0,0,0,10,4,4,4,0,0,0,20,3,4,5,0,0,0,NA,NA,NA,NA,NA,0,50.98018,NA,NA,NA,NA,NA,0,0,NA,NA,NA,NA,NA,0,0,NA,NA,NA,NA,NA,0,0,NA,NA,NA,NA,NA,0,0,NA,NA,NA,NA,NA,0,0,NA,NA,NA,NA,NA,0,0,NA,NA,NA,NA,NA,0,0,1
"33",201,"""""ALF""""",0,1,0,NA,NA,"17feb2013","30jul2013","06aug2013","",1,0,1,0.7181818,548,422,0.5825243,-0.1356575,43.16666,NA,"""""C1""""",NA,0,"""""A""""",NA,NA,NA,NA,NA,NA,NA,NA,NA,NA,NA,5.585216,7,NA,6.166667,3.714286,NA,4.571429,0,NA,1,1,0.8571429,NA,NA,NA,NA,NA,NA,8,3,NA,5,0,NA,NA,5,4,NA,3,0,NA,NA,NA,4,NA,5,NA,NA,NA,7,4,NA,4,0,NA,NA,9,4,NA,3,0,NA,NA,4,4,NA,6,0,NA,NA,4,3,NA,6,0,NA,NA,NA,NA,NA,NA,NA,NA,NA,NA,NA,NA,NA,NA,NA,NA,NA,NA,NA,NA,NA,NA,NA,NA,NA,NA,NA,NA,NA,NA,NA,NA,NA,NA,NA,NA,NA,NA,NA,NA,NA,NA,NA,NA,NA,NA,NA,NA,NA,NA,NA,0
"34",202,"""""ALF""""",0,1,0,1,NA,"25mar2013","03sep2013","10sep2013","29may2014",0,0,1,0.4505263,531,654,0.6104783,0.159952,63,NA,"""""C2""""",NA,0,"""""E""""",NA,NA,NA,NA,NA,NA,125,177,NA,NA,NA,5.552361,7,8.804928,9,3.4,NA,5.2,4.2,NA,2,1,0.7142857,NA,NA,NA,NA,NA,NA,5,4,NA,5,5,NA,NA,7,3,NA,8,10,NA,NA,15,3,NA,5,0,NA,NA,10,4,NA,4,0,NA,NA,8,3,NA,4,6,NA,NA,NA,NA,NA,NA,NA,NA,NA,NA,NA,NA,NA,NA,NA,NA,NA,NA,NA,NA,NA,NA,NA,NA,NA,NA,NA,NA,NA,NA,NA,NA,NA,NA,NA,NA,NA,NA,NA,NA,NA,NA,NA,NA,NA,NA,NA,NA,NA,NA,NA,NA,NA,NA,NA,NA,NA,NA,NA,NA,NA,NA,NA,NA,NA,0
"35",203,"""""ALF""""",0,1,0,NA,NA,"17mar2013","06sep2013","13sep2013","",1,1,2,0.5460526,670,589,0.4673684,-0.0786842,35,NA,"""""C3""""",NA,0,"""""H""""",NA,NA,NA,NA,NA,NA,NA,NA,NA,NA,NA,5.913758,7,NA,5,2,NA,3.166667,0,NA,1,1,0.8571429,NA,NA,NA,NA,NA,NA,5,2,NA,0,0,NA,NA,3,2,NA,2,0,NA,NA,6,2,NA,2,0,NA,NA,6,2,NA,0,0,NA,NA,5,2,NA,5,0,NA,NA,5,2,NA,10,0,NA,NA,NA,NA,NA,NA,NA,NA,NA,NA,NA,NA,NA,NA,NA,NA,NA,NA,NA,NA,NA,NA,NA,NA,NA,NA,NA,NA,NA,NA,NA,NA,NA,NA,NA,NA,NA,NA,NA,NA,NA,NA,NA,NA,NA,NA,NA,NA,NA,NA,NA,NA,NA,NA,NA,NA,NA,NA,0
"36",204,"""""ALF""""",0,1,0,1,NA,"27mar2013","07sep2013","14sep2013","16aug2014",0,0,1,0.4533333,437,503,0.4271357,-0.0261976,100.8,NA,"""""C4""""",NA,0,"""""I""""",NA,NA,NA,NA,NA,NA,287,264,NA,NA,NA,5.61807,7,11.26899,14.4,3.4,NA,0.8,0,NA,2,1,0.7142857,NA,NA,NA,NA,NA,NA,20,3,NA,0,0,NA,NA,20,3,NA,0,0,NA,NA,12,3,NA,0,0,NA,NA,10,4,NA,4,0,NA,NA,10,4,NA,0,0,NA,NA,NA,NA,NA,NA,NA,NA,NA,NA,NA,NA,NA,NA,NA,NA,NA,NA,NA,NA,NA,NA,NA,NA,NA,NA,NA,NA,NA,NA,NA,NA,NA,NA,NA,NA,NA,NA,NA,NA,NA,NA,NA,NA,NA,NA,NA,NA,NA,NA,NA,NA,NA,NA,NA,NA,NA,NA,NA,NA,NA,NA,NA,NA,NA,0
"37",205,"""""ALF""""",0,1,0,NA,NA,"25mar2013","07sep2013","14sep2013","",1,0,1,0.4210526,417,319,0.5303867,0.1093341,69,NA,"""""C5""""",NA,0,"""""D""""",NA,NA,NA,NA,NA,NA,NA,NA,NA,NA,NA,5.683778,7,NA,9.857142,4.142857,NA,1.714286,0,NA,0,1,1,NA,NA,NA,NA,NA,NA,10,5,NA,1,0,NA,NA,10,4,NA,0,0,NA,NA,20,4,NA,5,0,NA,NA,10,5,NA,0,0,NA,NA,10,4,NA,0,0,NA,NA,7,4,NA,0,0,NA,NA,2,3,NA,6,0,NA,NA,NA,NA,NA,NA,NA,NA,NA,NA,NA,NA,NA,NA,NA,NA,NA,NA,NA,NA,NA,NA,NA,NA,NA,NA,NA,NA,NA,NA,NA,NA,NA,NA,NA,NA,NA,NA,NA,NA,NA,NA,NA,NA,NA,NA,NA,NA,NA,NA,NA,0
"38",206,"""""ALF""""",0,1,0,NA,NA,"01apr2013","18sep2013","25sep2013","",1,0,2,0.6791809,404,206,0.7116279,0.032447,66,NA,"""""C7""""",NA,0,"""""C""""",NA,NA,NA,NA,NA,NA,NA,NA,NA,NA,NA,5.815195,7,NA,9.428572,3.285714,NA,15.71429,0.7142857,NA,0,1,1,NA,NA,NA,NA,NA,NA,5,2,NA,15,5,NA,NA,8,3,NA,15,0,NA,NA,20,3,NA,25,0,NA,NA,9,3,NA,12,0,NA,NA,15,4,NA,13,0,NA,NA,3,4,NA,10,0,NA,NA,6,4,NA,20,0,NA,NA,NA,NA,NA,NA,NA,NA,NA,NA,NA,NA,NA,NA,NA,NA,NA,NA,NA,NA,NA,NA,NA,NA,NA,NA,NA,NA,NA,NA,NA,NA,NA,NA,NA,NA,NA,NA,NA,NA,NA,NA,NA,NA,NA,NA,NA,NA,NA,NA,NA,0
"39",207,"""""ALF""""",0,1,0,1,NA,"29apr2013","28sep2013","05oct2013","26jul2014",1,0,1,0.2857143,439,673,0.3844086,0.0986943,105,NA,"""""C8""""",NA,0,"""""E""""",NA,NA,NA,NA,NA,NA,217,265,NA,NA,NA,5.223819,7,9.889117,15,3,NA,22.57143,0,NA,0,1,1,NA,NA,NA,NA,NA,NA,15,3,NA,8,0,NA,NA,30,3,NA,20,0,NA,NA,10,3,NA,0,0,NA,NA,10,3,NA,30,0,NA,NA,10,3,NA,40,0,NA,NA,10,3,NA,20,0,NA,NA,20,3,NA,40,0,NA,NA,NA,NA,NA,NA,NA,NA,NA,NA,NA,NA,NA,NA,NA,NA,NA,NA,NA,NA,NA,NA,NA,NA,NA,NA,NA,NA,NA,NA,NA,NA,NA,NA,NA,NA,NA,NA,NA,NA,NA,NA,NA,NA,NA,NA,NA,NA,NA,NA,NA,0
"40",208,"""""ALF""""",0,1,0,1,NA,"11apr2013","30sep2013","07oct2013","15may2014",0,0,2,0.3316062,371,662,0.1522634,-0.1793428,270.6667,NA,"""""C1""""",NA,0,"""""C""""",NA,NA,NA,NA,NA,NA,226,182,NA,NA,NA,5.880904,7,7.457906,38.66667,3.2,NA,16.16667,2.333333,NA,1,1,0.8571429,NA,NA,NA,NA,NA,NA,20,4,NA,15,0,NA,NA,40,3,NA,20,14,NA,NA,45,3,NA,40,0,NA,NA,42,3,NA,8,0,NA,NA,33,NA,NA,12,0,NA,NA,52,3,NA,2,0,NA,NA,NA,NA,NA,NA,NA,NA,NA,NA,NA,NA,NA,NA,NA,NA,NA,NA,NA,NA,NA,NA,NA,NA,NA,NA,NA,NA,NA,NA,NA,NA,NA,NA,NA,NA,NA,NA,NA,NA,NA,NA,NA,NA,NA,NA,NA,NA,NA,NA,NA,NA,NA,NA,NA,NA,NA,NA,0
"41",209,"""""ALF""""",0,1,0,NA,NA,"03may2013","30sep2013","07oct2013","",0,0,2,0.6731517,666,647,0.6527546,-0.0203971,62,NA,"""""C2""""",NA,1,"""""F""""",NA,NA,NA,NA,NA,NA,NA,NA,NA,NA,NA,5.158111,7,NA,8.857142,2.142857,NA,5.428571,2.428571,NA,0,1,1,NA,NA,NA,NA,NA,NA,4,2,NA,10,8,NA,NA,11,2,NA,0,0,NA,NA,5,2,NA,0,0,NA,NA,6,2,NA,0,0,NA,NA,12,2,NA,10,0,NA,NA,12,2,NA,12,0,NA,NA,12,3,NA,6,9,NA,NA,NA,NA,NA,NA,NA,NA,NA,NA,NA,NA,NA,NA,NA,NA,NA,NA,NA,NA,NA,NA,NA,NA,NA,NA,NA,NA,NA,NA,NA,NA,NA,NA,NA,NA,NA,NA,NA,NA,NA,NA,NA,NA,NA,NA,NA,NA,NA,NA,NA,0
"42",210,"""""ALF""""",0,1,0,1,NA,"27apr2013","08oct2013","15oct2013","08may2014",0,0,1,0.5398773,601,375,0.4360656,-0.1038117,80,NA,"""""C3""""",NA,1,"""""A""""",NA,NA,NA,NA,NA,NA,180,180,NA,NA,NA,5.61807,7,6.965092,11.42857,2.714286,NA,3.285714,1.285714,NA,0,1,1,NA,NA,NA,NA,NA,NA,6,2,NA,0,0,NA,NA,20,3,NA,0,9,NA,NA,10,3,NA,0,0,NA,NA,10,3,NA,0,0,NA,NA,10,2,NA,0,0,NA,NA,12,3,NA,20,0,NA,NA,12,3,NA,3,0,NA,NA,NA,NA,NA,NA,NA,NA,NA,NA,NA,NA,NA,NA,NA,NA,NA,NA,NA,NA,NA,NA,NA,NA,NA,NA,NA,NA,NA,NA,NA,NA,NA,NA,NA,NA,NA,NA,NA,NA,NA,NA,NA,NA,NA,NA,NA,NA,NA,NA,NA,0
"43",211,"""""ALF""""",0,1,0,1,NA,"03mar2013","31jul2013","07aug2013","29may2014",1,0,2,0.5721519,285,349,0.3806306,-0.1915213,128,NA,"""""C2""""",NA,1,"""""B""""",NA,NA,NA,NA,NA,NA,237,168,NA,NA,NA,5.158111,7,9.921971,18.28572,3.714286,NA,0.1428571,8.571428,NA,0,1,1,NA,NA,NA,NA,NA,NA,20,4,NA,0,15,NA,NA,35,4,NA,0,11,NA,NA,25,3,NA,0,8,NA,NA,20,3,NA,0,7,NA,NA,10,4,NA,1,7,NA,NA,10,4,NA,0,6,NA,NA,8,4,NA,0,6,NA,NA,NA,NA,NA,NA,NA,NA,NA,NA,NA,NA,NA,NA,NA,NA,NA,NA,NA,NA,NA,NA,NA,NA,NA,NA,NA,NA,NA,NA,NA,NA,NA,NA,NA,NA,NA,NA,NA,NA,NA,NA,NA,NA,NA,NA,NA,NA,NA,NA,NA,0
"44",212,"""""ALF""""",0,1,0,1,NA,"01may2013","16oct2013","23oct2013","22apr2014",1,0,1,0.605598,616,591,0.7182741,0.1126761,104,NA,"""""C4""""",NA,1,"""""G""""",NA,NA,NA,NA,NA,NA,57,80,NA,NA,NA,5.749486,7,6.176591,14.85714,3.428571,NA,16.28572,22.85714,NA,0,0,1,NA,NA,NA,NA,NA,NA,25,3,NA,10,41,NA,NA,24,3,NA,14,24,NA,NA,25,3,NA,8,23,NA,NA,5,3,NA,20,0,NA,NA,8,4,NA,12,29,NA,NA,5,4,NA,22,22,NA,NA,12,4,NA,28,21,NA,NA,NA,NA,NA,NA,NA,NA,NA,NA,NA,NA,NA,NA,NA,NA,NA,NA,NA,NA,NA,NA,NA,NA,NA,NA,NA,NA,NA,NA,NA,NA,NA,NA,NA,NA,NA,NA,NA,NA,NA,NA,NA,NA,NA,NA,NA,NA,NA,NA,NA,0
"45",213,"""""ALF""""",0,1,0,1,NA,"01jun2013","25oct2013","01nov2013","08aug2014",1,0,2,0.548,424,35,0.5931035,0.0451035,49,NA,"""""C5""""",NA,0,"""""E""""",NA,NA,NA,NA,NA,NA,109,48,NA,NA,NA,5.026694,7,9.429158,7,3.5,NA,1,0,NA,1,1,0.8571429,NA,NA,NA,NA,NA,NA,10,4,NA,0,0,NA,NA,6,3,NA,0,0,NA,NA,3,4,NA,4,0,NA,NA,3,3,NA,0,0,NA,NA,10,3,NA,0,0,NA,NA,10,4,NA,2,0,NA,NA,NA,NA,NA,NA,NA,NA,NA,NA,NA,NA,NA,NA,NA,NA,NA,NA,NA,NA,NA,NA,NA,NA,NA,NA,NA,NA,NA,NA,NA,NA,NA,NA,NA,NA,NA,NA,NA,NA,NA,NA,NA,NA,NA,NA,NA,NA,NA,NA,NA,NA,NA,NA,NA,NA,NA,NA,0
"46",214,"""""ALF""""",0,1,0,NA,NA,"05jun2013","30oct2013","06nov2013","",0,0,1,0.3342037,303,325,0.438961,0.1047574,80,NA,"""""C6""""",NA,1,"""""F""""",NA,NA,NA,NA,NA,NA,NA,NA,NA,NA,NA,5.059548,7,NA,11.42857,2,NA,1,0,NA,0,1,1,NA,NA,NA,NA,NA,NA,10,2,NA,0,0,NA,NA,15,2,NA,0,0,NA,NA,10,2,NA,0,0,NA,NA,20,2,NA,2,0,NA,NA,10,2,NA,0,0,NA,NA,5,2,NA,0,0,NA,NA,10,2,NA,5,0,NA,NA,NA,NA,NA,NA,NA,NA,NA,NA,NA,NA,NA,NA,NA,NA,NA,NA,NA,NA,NA,NA,NA,NA,NA,NA,NA,NA,NA,NA,NA,NA,NA,NA,NA,NA,NA,NA,NA,NA,NA,NA,NA,NA,NA,NA,NA,NA,NA,NA,NA,0
"47",215,"""""ALF""""",0,1,0,1,NA,"15may2013","31oct2013","07nov2013","19jul2014",1,1,2,0.4229249,506,471,0.7230216,0.3000967,51,NA,"""""C7""""",NA,0,"""""G""""",NA,NA,NA,NA,NA,NA,221,120,NA,NA,NA,5.782341,7,8.574948,7.285714,3,NA,0.8571429,0,NA,0,0,1,NA,NA,NA,NA,NA,NA,7,3,NA,4,0,NA,NA,5,3,NA,0,0,NA,NA,5,3,NA,2,0,NA,NA,8,3,NA,0,0,NA,NA,10,3,NA,0,0,NA,NA,7,3,NA,0,0,NA,NA,9,3,NA,0,0,NA,NA,NA,NA,NA,NA,NA,NA,NA,NA,NA,NA,NA,NA,NA,NA,NA,NA,NA,NA,NA,NA,NA,NA,NA,NA,NA,NA,NA,NA,NA,NA,NA,NA,NA,NA,NA,NA,NA,NA,NA,NA,NA,NA,NA,NA,NA,NA,NA,NA,NA,0
"48",216,"""""ALF""""",0,1,0,NA,NA,"03jun2013","31oct2013","07nov2013","",1,1,1,0.3516484,41,43,0.6082474,0.256599,114.3333,NA,"""""C8""""",NA,0,"""""B""""",NA,NA,NA,NA,NA,NA,NA,NA,NA,NA,NA,5.158111,7,NA,16.33333,4.333333,NA,96.66666,2.5,NA,1,1,0.8571429,NA,NA,NA,NA,NA,NA,20,4,NA,100,15,NA,NA,30,5,NA,100,0,NA,NA,15,5,NA,100,0,NA,NA,10,4,NA,80,0,NA,NA,3,4,NA,100,0,NA,NA,20,4,NA,100,0,NA,NA,NA,NA,NA,NA,NA,NA,NA,NA,NA,NA,NA,NA,NA,NA,NA,NA,NA,NA,NA,NA,NA,NA,NA,NA,NA,NA,NA,NA,NA,NA,NA,NA,NA,NA,NA,NA,NA,NA,NA,NA,NA,NA,NA,NA,NA,NA,NA,NA,NA,NA,NA,NA,NA,NA,NA,NA,0
"49",217,"""""ALF""""",0,1,0,NA,NA,"26may2013","02nov2013","09nov2013","",1,0,1,0.7666667,537,47,0.6912752,-0.0753915,168,NA,"""""C1""""",NA,0,"""""A""""",NA,NA,NA,NA,NA,NA,NA,NA,NA,NA,NA,5.486653,7,NA,24,3.4,NA,11,0,NA,2,1,0.7142857,NA,NA,NA,NA,NA,NA,40,4,NA,0,0,NA,NA,10,3,NA,20,0,NA,NA,20,3,NA,20,0,NA,NA,20,3,NA,10,0,NA,NA,30,4,NA,5,0,NA,NA,NA,NA,NA,NA,NA,NA,NA,NA,NA,NA,NA,NA,NA,NA,NA,NA,NA,NA,NA,NA,NA,NA,NA,NA,NA,NA,NA,NA,NA,NA,NA,NA,NA,NA,NA,NA,NA,NA,NA,NA,NA,NA,NA,NA,NA,NA,NA,NA,NA,NA,NA,NA,NA,NA,NA,NA,NA,NA,NA,NA,NA,NA,NA,0
"50",218,"""""ALF""""",0,1,0,1,NA,"03jun2013","04nov2013","11nov2013","16aug2014",1,1,1,0.8,281,87,0.8617886,0.0617886,105,NA,"""""C2""""",NA,0,"""""F""""",NA,NA,NA,NA,NA,NA,163,143,NA,NA,NA,5.289528,7,9.36345,15,2.857143,NA,2.571429,0,NA,0,1,1,NA,NA,NA,NA,NA,NA,10,2,NA,3,0,NA,NA,10,3,NA,5,0,NA,NA,20,3,NA,3,0,NA,NA,10,3,NA,0,0,NA,NA,10,3,NA,2,0,NA,NA,25,3,NA,3,0,NA,NA,20,3,NA,2,0,NA,NA,NA,NA,NA,NA,NA,NA,NA,NA,NA,NA,NA,NA,NA,NA,NA,NA,NA,NA,NA,NA,NA,NA,NA,NA,NA,NA,NA,NA,NA,NA,NA,NA,NA,NA,NA,NA,NA,NA,NA,NA,NA,NA,NA,NA,NA,NA,NA,NA,NA,0
"51",219,"""""ALF""""",0,1,0,NA,NA,"23may2013","06nov2013","13nov2013","",0,0,2,0.1749049,357,540,0.4307692,0.2558643,37,NA,"""""C4""""",NA,0,"""""N""""",NA,NA,NA,NA,NA,NA,NA,NA,NA,NA,NA,5.716632,7,NA,5.285714,2.857143,NA,12.85714,0,NA,0,1,1,NA,NA,NA,NA,NA,NA,5,3,NA,10,0,NA,NA,4,3,NA,10,0,NA,NA,6,3,NA,20,0,NA,NA,5,3,NA,30,0,NA,NA,4,2,NA,10,0,NA,NA,6,3,NA,10,0,NA,NA,7,3,NA,0,0,NA,NA,NA,NA,NA,NA,NA,NA,NA,NA,NA,NA,NA,NA,NA,NA,NA,NA,NA,NA,NA,NA,NA,NA,NA,NA,NA,NA,NA,NA,NA,NA,NA,NA,NA,NA,NA,NA,NA,NA,NA,NA,NA,NA,NA,NA,NA,NA,NA,NA,NA,0
"52",220,"""""ALF""""",0,1,0,1,NA,"19feb2013","05aug2013","12aug2013","23jul2014",0,0,2,0.5904762,639,570,0.438114,-0.1523623,38,NA,"""""C3""""",NA,0,"""""C""""",NA,NA,NA,NA,NA,NA,203,271,NA,NA,NA,5.716632,7,11.56468,5.428571,2.714286,NA,19.14286,0,NA,0,1,1,NA,NA,NA,NA,NA,NA,5,2,NA,15,0,NA,NA,4,3,NA,5,0,NA,NA,10,2,NA,6,0,NA,NA,9,3,NA,3,0,NA,NA,3,3,NA,15,0,NA,NA,3,3,NA,50,0,NA,NA,4,3,NA,40,0,NA,NA,NA,NA,NA,NA,NA,NA,NA,NA,NA,NA,NA,NA,NA,NA,NA,NA,NA,NA,NA,NA,NA,NA,NA,NA,NA,NA,NA,NA,NA,NA,NA,NA,NA,NA,NA,NA,NA,NA,NA,NA,NA,NA,NA,NA,NA,NA,NA,NA,NA,0
"53",221,"""""ALF""""",0,1,0,1,NA,"11jun2013","11nov2013","18nov2013","19jul2014",0,0,2,0.9003322,438,474,0.6872964,-0.2130358,45,NA,"""""C5""""",NA,0,"""""J""""",NA,NA,NA,NA,NA,NA,180,151,NA,NA,NA,5.256673,7,8.213552,6.428571,2.428571,NA,4.571429,0.7142857,NA,0,1,1,NA,NA,NA,NA,NA,NA,12,4,NA,0,0,NA,NA,6,3,NA,5,0,NA,NA,6,2,NA,4,0,NA,NA,5,2,NA,6,0,NA,NA,7,2,NA,6,0,NA,NA,4,2,NA,3,0,NA,NA,5,2,NA,8,5,NA,NA,NA,NA,NA,NA,NA,NA,NA,NA,NA,NA,NA,NA,NA,NA,NA,NA,NA,NA,NA,NA,NA,NA,NA,NA,NA,NA,NA,NA,NA,NA,NA,NA,NA,NA,NA,NA,NA,NA,NA,NA,NA,NA,NA,NA,NA,NA,NA,NA,NA,0
"54",222,"""""ALF""""",0,1,0,1,NA,"27may2013","11nov2013","18nov2013","21aug2014",0,0,2,0.5758621,600,512,0.2964602,-0.2794019,48,NA,"""""C6""""",NA,0,"""""K""""",NA,NA,NA,NA,NA,NA,329,224,NA,NA,NA,5.749486,7,9.297741,6.857143,4,NA,5.142857,16.42857,NA,0,0,1,NA,NA,NA,NA,NA,NA,7,4,NA,5,17,NA,NA,8,4,NA,5,7,NA,NA,8,4,NA,3,19,NA,NA,5,4,NA,7,19,NA,NA,5,4,NA,8,21,NA,NA,5,4,NA,3,16,NA,NA,10,4,NA,5,16,NA,NA,NA,NA,NA,NA,NA,NA,NA,NA,NA,NA,NA,NA,NA,NA,NA,NA,NA,NA,NA,NA,NA,NA,NA,NA,NA,NA,NA,NA,NA,NA,NA,NA,NA,NA,NA,NA,NA,NA,NA,NA,NA,NA,NA,NA,NA,NA,NA,NA,NA,0
"55",223,"""""ALF""""",0,1,0,1,NA,"10jun2013","11nov2013","18nov2013","21may2014",1,0,2,0.62954,656,587,0.4403409,-0.1891991,84,NA,"""""C7""""",NA,0,"""""L""""",NA,NA,NA,NA,NA,NA,224,183,NA,NA,NA,5.289528,7,6.275154,12,3.714286,NA,7.428571,0,NA,0,1,1,NA,NA,NA,NA,NA,NA,5,3,NA,0,0,NA,NA,4,3,NA,5,0,NA,NA,10,4,NA,5,0,NA,NA,8,3,NA,15,0,NA,NA,12,4,NA,7,0,NA,NA,25,4,NA,10,0,NA,NA,20,5,NA,10,0,NA,NA,NA,NA,NA,NA,NA,NA,NA,NA,NA,NA,NA,NA,NA,NA,NA,NA,NA,NA,NA,NA,NA,NA,NA,NA,NA,NA,NA,NA,NA,NA,NA,NA,NA,NA,NA,NA,NA,NA,NA,NA,NA,NA,NA,NA,NA,NA,NA,NA,NA,0
"56",224,"""""ALF""""",0,1,0,1,NA,"06jun2013","11nov2013","18nov2013","17jul2014",1,0,2,0.464,512,633,0.5645161,0.1005161,99,NA,"""""C8""""",NA,0,"""""M""""",NA,NA,NA,NA,NA,NA,244,245,NA,NA,NA,5.420945,7,8.147844,14.14286,2.142857,NA,1.714286,0,NA,0,1,1,NA,NA,NA,NA,NA,NA,15,2,NA,0,0,NA,NA,25,3,NA,4,0,NA,NA,10,2,NA,0,0,NA,NA,12,2,NA,0,0,NA,NA,15,2,NA,4,0,NA,NA,12,2,NA,2,0,NA,NA,10,2,NA,2,0,NA,NA,NA,NA,NA,NA,NA,NA,NA,NA,NA,NA,NA,NA,NA,NA,NA,NA,NA,NA,NA,NA,NA,NA,NA,NA,NA,NA,NA,NA,NA,NA,NA,NA,NA,NA,NA,NA,NA,NA,NA,NA,NA,NA,NA,NA,NA,NA,NA,NA,NA,0
"57",225,"""""ALF""""",0,1,0,1,NA,"26may2013","12nov2013","19nov2013","25jul2014",0,0,2,0.566586,507,240,0.9110577,0.3444718,38.5,NA,"""""C6""""",NA,0,"""""H""""",NA,NA,NA,NA,NA,NA,161,145,NA,NA,NA,5.815195,7,8.377824,5.5,2.5,NA,9.166667,0,NA,1,1,0.8571429,NA,NA,NA,NA,NA,NA,10,2,NA,20,0,NA,NA,3,2,NA,5,0,NA,NA,10,2,NA,10,0,NA,NA,5,3,NA,15,0,NA,NA,2,3,NA,0,0,NA,NA,3,3,NA,5,0,NA,NA,NA,NA,NA,NA,NA,NA,NA,NA,NA,NA,NA,NA,NA,NA,NA,NA,NA,NA,NA,NA,NA,NA,NA,NA,NA,NA,NA,NA,NA,NA,NA,NA,NA,NA,NA,NA,NA,NA,NA,NA,NA,NA,NA,NA,NA,NA,NA,NA,NA,NA,NA,NA,NA,NA,NA,NA,0
"58",226,"""""ALF""""",0,1,0,1,NA,"27jun2013","26nov2013","05dec2013","22may2014",0,0,1,0.5647668,707,609,0.6533333,0.0885665,74.57143,NA,"""""C3""""",NA,0,"""""E""""",NA,NA,NA,NA,NA,NA,178,160,NA,NA,NA,5.289528,9,5.815195,8.285714,4,NA,0,0,NA,2,1,0.7777778,NA,NA,NA,NA,NA,NA,10,4,NA,0,0,NA,NA,10,4,NA,0,0,NA,NA,10,4,NA,0,0,NA,NA,6,4,NA,0,0,NA,NA,10,4,NA,0,0,NA,NA,6,4,NA,0,0,NA,NA,6,4,NA,0,0,NA,NA,NA,NA,NA,NA,NA,NA,NA,NA,NA,NA,NA,NA,NA,NA,NA,NA,NA,NA,NA,NA,NA,NA,NA,NA,NA,NA,NA,NA,NA,NA,NA,NA,NA,NA,NA,NA,NA,NA,NA,NA,NA,NA,NA,NA,NA,NA,NA,NA,NA,0
"59",227,"""""ALF""""",0,1,0,1,NA,"23mar2013","16aug2013","23aug2013","03may2014",0,0,2,0.3415179,643,657,0.4628572,0.1213393,49,NA,"""""C4""""",NA,0,"""""D""""",NA,NA,NA,NA,NA,NA,311,256,NA,NA,NA,5.026694,7,8.542094,7,2.166667,NA,0.3333333,0,NA,1,1,0.8571429,NA,NA,NA,NA,NA,NA,8,3,NA,2,0,NA,NA,20,2,NA,0,0,NA,NA,10,3,NA,0,0,NA,NA,2,2,NA,0,0,NA,NA,0,1,NA,0,0,NA,NA,2,2,NA,0,0,NA,NA,NA,NA,NA,NA,NA,NA,NA,NA,NA,NA,NA,NA,NA,NA,NA,NA,NA,NA,NA,NA,NA,NA,NA,NA,NA,NA,NA,NA,NA,NA,NA,NA,NA,NA,NA,NA,NA,NA,NA,NA,NA,NA,NA,NA,NA,NA,NA,NA,NA,NA,NA,NA,NA,NA,NA,NA,0
"60",228,"""""ALF""""",0,1,0,1,NA,"09mar2013","17aug2013","24aug2013","31may2014",0,0,1,0.4360087,507,557,0.4236902,-0.0123185,28,NA,"""""C5""""",NA,1,"""""E""""",NA,NA,NA,NA,NA,NA,360,261,NA,NA,NA,5.519507,7,9.429158,4,3,NA,5.285714,0,NA,0,0,1,NA,NA,NA,NA,NA,NA,6,3,NA,6,0,NA,NA,6,3,NA,8,0,NA,NA,4,3,NA,2,0,NA,NA,3,3,NA,6,0,NA,NA,2,3,NA,4,0,NA,NA,3,3,NA,6,0,NA,NA,4,3,NA,5,0,NA,NA,NA,NA,NA,NA,NA,NA,NA,NA,NA,NA,NA,NA,NA,NA,NA,NA,NA,NA,NA,NA,NA,NA,NA,NA,NA,NA,NA,NA,NA,NA,NA,NA,NA,NA,NA,NA,NA,NA,NA,NA,NA,NA,NA,NA,NA,NA,NA,NA,NA,0
"61",229,"""""ALF""""",0,1,0,1,NA,"25mar2013","17aug2013","24aug2013","29may2014",1,0,1,0.28,198,419,0.1081081,-0.1718919,64,NA,"""""C6""""",NA,0,"""""F""""",NA,NA,NA,NA,NA,NA,89,105,NA,NA,NA,4.99384,7,9.36345,9.142858,1.714286,NA,1.428571,1.142857,NA,0,1,1,NA,NA,NA,NA,NA,NA,12,2,NA,5,0,NA,NA,8,2,NA,0,0,NA,NA,15,1,NA,3,0,NA,NA,6,1,NA,2,0,NA,NA,6,1,NA,0,0,NA,NA,8,2,NA,0,8,NA,NA,9,3,NA,0,0,NA,NA,NA,NA,NA,NA,NA,NA,NA,NA,NA,NA,NA,NA,NA,NA,NA,NA,NA,NA,NA,NA,NA,NA,NA,NA,NA,NA,NA,NA,NA,NA,NA,NA,NA,NA,NA,NA,NA,NA,NA,NA,NA,NA,NA,NA,NA,NA,NA,NA,NA,0
"62",230,"""""ALF""""",0,1,0,1,NA,"21feb2013","20aug2013","27aug2013","07apr2014",1,0,1,0.5277778,629,638,0.5987124,0.0709347,86.8,NA,"""""C7""""",NA,0,"""""G""""",NA,NA,NA,NA,NA,NA,234,225,NA,NA,NA,6.143737,7,7.556468,12.4,2.4,NA,6.4,1,NA,2,0,0.7142857,NA,NA,NA,NA,NA,NA,10,3,NA,12,0,NA,NA,15,2,NA,0,0,NA,NA,12,2,NA,7,0,NA,NA,15,2,NA,8,0,NA,NA,10,3,NA,5,5,NA,NA,NA,NA,NA,NA,NA,NA,NA,NA,NA,NA,NA,NA,NA,NA,NA,NA,NA,NA,NA,NA,NA,NA,NA,NA,NA,NA,NA,NA,NA,NA,NA,NA,NA,NA,NA,NA,NA,NA,NA,NA,NA,NA,NA,NA,NA,NA,NA,NA,NA,NA,NA,NA,NA,NA,NA,NA,NA,NA,NA,NA,NA,NA,NA,0
"63",231,"""""ALF""""",0,1,0,1,NA,"17mar2013","24aug2013","07sep2013","10jun2014",1,0,1,0.6619318,663,493,0.754717,0.0927852,49,NA,"""""C8""""",NA,0,"""""A""""",NA,NA,NA,NA,NA,NA,123,67,NA,NA,NA,5.716632,14,9.52772,3.5,3.3,NA,1.4,0,NA,4,1,0.7142857,NA,NA,NA,NA,NA,NA,3,3,NA,5,0,NA,NA,5,3,NA,0,0,NA,NA,4,2,NA,6,0,NA,NA,4,3,NA,2,0,NA,NA,3,3,NA,0,0,NA,NA,0,3,NA,0,0,NA,NA,3,4,NA,1,0,NA,NA,6,4,NA,0,0,NA,NA,4,4,NA,0,0,NA,NA,3,4,NA,0,0,NA,NA,NA,NA,NA,NA,NA,NA,NA,NA,NA,NA,NA,NA,NA,NA,NA,NA,NA,NA,NA,NA,NA,NA,NA,NA,NA,NA,NA,NA,0
"64",232,"""""ALF""""",0,1,0,NA,NA,"29mar2013","24aug2013","07sep2013","",1,1,2,0.1762014,430,678,0.452381,0.2761796,182,NA,"""""C1""""",NA,0,"""""B""""",NA,NA,NA,NA,NA,NA,NA,NA,NA,NA,NA,5.322382,14,NA,13,3.666667,NA,6.125,0,NA,5,1,0.6428571,NA,NA,NA,NA,NA,NA,15,3,NA,1,0,NA,NA,25,4,NA,10,0,NA,NA,20,4,NA,10,0,NA,NA,7,4,NA,NA,0,NA,NA,10,4,NA,4,0,NA,NA,5,3,NA,4,0,NA,NA,10,4,NA,0,0,NA,NA,15,3,NA,10,0,NA,NA,10,4,NA,10,0,NA,NA,NA,NA,NA,NA,NA,NA,NA,NA,NA,NA,NA,NA,NA,NA,NA,NA,NA,NA,NA,NA,NA,NA,NA,NA,NA,NA,NA,NA,NA,NA,NA,NA,NA,NA,NA,0
"65",301,"""""LAS""""",0,0,1,NA,1,"07oct2013","12apr2014","19apr2014","14mar2015",0,1,1,0.3877005,454,505,0.7536232,0.3659227,43.16666,45,"""""C1""""",NA,0,"""""""""",1,NA,NA,NA,NA,1,NA,NA,NA,NA,NA,6.373717,7,11.03901,6.166667,2.666667,NA,10,6.5,NA,1,1,0.8571429,0.0199494,0.0160402,0.6726609,0.5517117,939,941,7,4,NA,10,6,NA,NA,4,3,NA,10,7,NA,NA,4,3,NA,10,4,NA,NA,6,2,NA,10,7,NA,NA,8,2,NA,10,8,NA,NA,8,2,NA,10,7,NA,NA,NA,NA,NA,NA,NA,NA,NA,NA,NA,NA,NA,NA,NA,NA,NA,NA,NA,NA,NA,NA,NA,NA,NA,NA,NA,NA,NA,NA,NA,NA,NA,NA,NA,NA,NA,NA,NA,NA,NA,NA,NA,NA,NA,NA,NA,NA,NA,NA,NA,NA,NA,NA,NA,NA,NA,NA,0
"66",302,"""""LAS""""",0,0,1,NA,1,"23nov2013","29may2014","05jun2014","22jan2015",1,0,2,0.4862637,482,460,0.6496746,0.1634109,61,59,"""""C2""""",NA,0,"""""""""",1,NA,NA,NA,NA,6,NA,NA,NA,NA,NA,6.373717,7,7.819302,8.714286,4.142857,NA,16.57143,20.28572,NA,0,0,1,0.0042404,0.0009268,0.4511431,0.3566265,851,777,5,4,NA,6,12,NA,NA,10,4,NA,15,20,NA,NA,8,4,NA,25,15,NA,NA,8,4,NA,15,15,NA,NA,9,4,NA,15,25,NA,NA,9,4,NA,20,25,NA,NA,12,5,NA,20,30,NA,NA,NA,NA,NA,NA,NA,NA,NA,NA,NA,NA,NA,NA,NA,NA,NA,NA,NA,NA,NA,NA,NA,NA,NA,NA,NA,NA,NA,NA,NA,NA,NA,NA,NA,NA,NA,NA,NA,NA,NA,NA,NA,NA,NA,NA,NA,NA,NA,NA,NA,0
"67",303,"""""LAS""""",0,0,1,NA,1,"24dec2013","02jun2014","11jun2014","12may2015",0,0,2,0.5746269,895,479,0.3869565,-0.1876704,48,42,"""""C3""""",NA,0,"""""""""",1,NA,NA,NA,NA,4,NA,NA,NA,NA,NA,5.552361,9,11.30185,5.333333,3,NA,5.833333,3.166667,NA,3,1,0.6666667,0.3278756,0.3274321,0.7798964,0.7547765,1167,833,5,3,NA,10,4,NA,NA,7,4,NA,3,2,NA,NA,5,4,NA,5,3,NA,NA,6,3,NA,4,2,NA,NA,4,2,NA,12,5,NA,NA,5,2,NA,1,3,NA,NA,NA,NA,NA,NA,NA,NA,NA,NA,NA,NA,NA,NA,NA,NA,NA,NA,NA,NA,NA,NA,NA,NA,NA,NA,NA,NA,NA,NA,NA,NA,NA,NA,NA,NA,NA,NA,NA,NA,NA,NA,NA,NA,NA,NA,NA,NA,NA,NA,NA,NA,NA,NA,NA,NA,NA,NA,0
"68",304,"""""LAS""""",0,0,1,NA,1,"11jan2014","23jun2014","30jun2014","28may2015",1,0,1,0.44375,371,475,0.4532374,0.0094874,61,58,"""""C6""""",NA,0,"""""""""",1,NA,NA,NA,NA,8,NA,NA,NA,NA,NA,5.585216,7,11.13758,8.714286,3.571429,NA,9.428572,6,NA,0,1,1,0.0636816,0.0230114,0.2462687,0.246875,851,1105,8,4,NA,4,3,NA,NA,10,4,NA,18,4,NA,NA,10,3,NA,3,8,NA,NA,8,3,NA,15,3,NA,NA,8,4,NA,20,5,NA,NA,8,4,NA,6,9,NA,NA,9,3,NA,0,10,NA,NA,NA,NA,NA,NA,NA,NA,NA,NA,NA,NA,NA,NA,NA,NA,NA,NA,NA,NA,NA,NA,NA,NA,NA,NA,NA,NA,NA,NA,NA,NA,NA,NA,NA,NA,NA,NA,NA,NA,NA,NA,NA,NA,NA,NA,NA,NA,NA,NA,NA,0
"69",305,"""""LAS""""",0,0,1,NA,NA,"25jan2014","26jun2014","08jul2014","",1,NA,1,0.6639344,615,477,0.6959799,0.0320455,87,83,"""""C7""""",NA,0,"""""""""",0,NA,NA,NA,NA,5,NA,NA,NA,NA,NA,5.38809,12,NA,7.25,4.272727,NA,12.83333,7.166667,NA,0,1,1,0.1352646,0.0406805,0.6993613,0.6193294,NA,NA,6,5,NA,20,3,NA,NA,10,5,NA,10,5,NA,NA,8,5,NA,15,5,NA,NA,7,3,NA,10,10,NA,NA,8,4,NA,15,5,NA,NA,8,4,NA,15,5,NA,NA,8,5,NA,15,10,NA,NA,0,NA,NA,5,8,NA,NA,8,4,NA,8,10,NA,NA,8,3,NA,1,10,NA,NA,8,4,NA,20,10,NA,NA,8,5,NA,20,5,NA,NA,NA,NA,NA,NA,NA,NA,NA,NA,NA,NA,NA,NA,NA,NA,0
"70",306,"""""LAS""""",0,0,1,NA,1,"28jan2014","26jun2014","03jul2014","23may2015",0,0,2,0.7915832,439,458,0.7363636,-0.0552195,53,45,"""""C8""""",NA,0,"""""""""",1,NA,NA,NA,NA,6,NA,NA,NA,NA,NA,5.125257,7,10.87474,7.571429,3.714286,NA,12.16667,3,NA,0,1,1,0.0721519,0.0287632,0.821308,0.6573346,1008,1028,4,4,NA,NA,0,NA,NA,8,3,NA,12,0,NA,NA,7,3,NA,30,6,NA,NA,7,4,NA,10,12,NA,NA,8,3,NA,4,0,NA,NA,10,5,NA,7,1,NA,NA,9,4,NA,10,2,NA,NA,NA,NA,NA,NA,NA,NA,NA,NA,NA,NA,NA,NA,NA,NA,NA,NA,NA,NA,NA,NA,NA,NA,NA,NA,NA,NA,NA,NA,NA,NA,NA,NA,NA,NA,NA,NA,NA,NA,NA,NA,NA,NA,NA,NA,NA,NA,NA,NA,NA,0
"71",307,"""""LAS""""",0,0,1,NA,1,"14jan2014","28jun2014","08jul2014","10dec2014",0,1,2,0.2876405,609,575,0.4588745,0.171234,55,77,"""""C1""""",NA,0,"""""""""",1,NA,NA,NA,NA,4,NA,NA,NA,NA,NA,5.749486,10,5.420945,5.5,3,NA,15.7,19.8,NA,0,1,1,0.030836,0.0660338,0.7520087,0.7111019,770,738,5,3,NA,15,15,NA,NA,5,3,NA,0,13,NA,NA,6,3,NA,30,30,NA,NA,5,3,NA,10,15,NA,NA,5,3,NA,30,20,NA,NA,6,4,NA,17,25,NA,NA,5,3,NA,2,15,NA,NA,6,3,NA,13,15,NA,NA,5,2,NA,10,20,NA,NA,7,3,NA,30,30,NA,NA,NA,NA,NA,NA,NA,NA,NA,NA,NA,NA,NA,NA,NA,NA,NA,NA,NA,NA,NA,NA,NA,NA,NA,NA,NA,NA,NA,NA,0
"72",308,"""""LAS""""",0,0,1,NA,1,"29jan2014","04jul2014","12jul2014","26jun2015",1,1,2,0.2613065,636,343,0.5277778,0.2664713,16,44,"""""C2""""",NA,0,"""""""""",1,NA,NA,NA,NA,8,NA,NA,NA,NA,NA,5.38809,8,11.72895,2,3,NA,5,10,NA,7,0,0.125,0.0582011,0.0338157,0.8704963,0.5663731,1131,1044,2,3,NA,5,10,NA,NA,NA,NA,NA,NA,NA,NA,NA,NA,NA,NA,NA,NA,NA,NA,NA,NA,NA,NA,NA,NA,NA,NA,NA,NA,NA,NA,NA,NA,NA,NA,NA,NA,NA,NA,NA,NA,NA,NA,NA,NA,NA,NA,NA,NA,NA,NA,NA,NA,NA,NA,NA,NA,NA,NA,NA,NA,NA,NA,NA,NA,NA,NA,NA,NA,NA,NA,NA,NA,NA,NA,NA,NA,NA,NA,NA,NA,NA,NA,NA,NA,NA,NA,NA,NA,NA,NA,NA,NA,NA,NA,NA,0
"73",309,"""""LAS""""",0,0,1,NA,1,"06jan2014","08jul2014","15jul2014","18may2015",0,0,1,0.4502924,151,174,0.8352273,0.3849348,47,51,"""""C3""""",NA,0,"""""""""",1,NA,NA,NA,NA,1,NA,NA,NA,NA,NA,6.2423,7,10.31622,6.714286,3.571429,NA,4.142857,12.57143,NA,0,1,1,0.0991907,0.1048288,0.3835838,0.3717296,1001,1047,5,3,NA,0,10,NA,NA,7,4,NA,2,12,NA,NA,7,4,NA,2,12,NA,NA,7,5,NA,0,13,NA,NA,7,3,NA,0,11,NA,NA,7,3,NA,0,10,NA,NA,7,3,NA,25,20,NA,NA,NA,NA,NA,NA,NA,NA,NA,NA,NA,NA,NA,NA,NA,NA,NA,NA,NA,NA,NA,NA,NA,NA,NA,NA,NA,NA,NA,NA,NA,NA,NA,NA,NA,NA,NA,NA,NA,NA,NA,NA,NA,NA,NA,NA,NA,NA,NA,NA,NA,0
"74",310,"""""LAS""""",0,0,1,NA,1,"10jan2014","11jul2014","21jul2014","01jun2015",0,0,1,0.8538813,615,494,0.5735294,-0.2803519,60,60,"""""C4""""",NA,0,"""""""""",1,NA,NA,NA,NA,4,NA,NA,NA,NA,NA,6.308008,10,10.67762,6,4.5,NA,5,3.6,NA,0,1,1,0.1975178,0.0611714,0.6847109,0.5065799,801,805,4,4,NA,10,1,NA,NA,7,5,NA,0,12,NA,NA,6,5,NA,8,2,NA,NA,8,5,NA,2,2,NA,NA,7,4,NA,0,2,NA,NA,6,4,NA,20,1,NA,NA,6,4,NA,1,4,NA,NA,6,5,NA,4,4,NA,NA,5,5,NA,0,6,NA,NA,5,4,NA,NA,2,NA,NA,NA,NA,NA,NA,NA,NA,NA,NA,NA,NA,NA,NA,NA,NA,NA,NA,NA,NA,NA,NA,NA,NA,NA,NA,NA,NA,NA,NA,0
"75",311,"""""LAS""""",0,0,1,NA,1,"10jan2014","11jul2014","21jul2014","06jan2015",0,0,1,0.1076605,618,658,0.0175824,-0.090078,60,66,"""""C5""""",NA,0,"""""""""",1,NA,NA,NA,NA,4,NA,NA,NA,NA,NA,6.308008,10,5.880904,6,4.5,NA,5,3.6,NA,0,1,1,0.1021917,0.0277657,0.6746765,0.4120029,877,817,4,4,NA,10,1,NA,NA,7,5,NA,0,12,NA,NA,6,5,NA,8,2,NA,NA,8,5,NA,2,2,NA,NA,7,4,NA,0,2,NA,NA,6,4,NA,20,1,NA,NA,6,4,NA,1,4,NA,NA,6,5,NA,4,4,NA,NA,5,5,NA,0,6,NA,NA,5,4,NA,NA,2,NA,NA,NA,NA,NA,NA,NA,NA,NA,NA,NA,NA,NA,NA,NA,NA,NA,NA,NA,NA,NA,NA,NA,NA,NA,NA,NA,NA,NA,NA,0
"76",312,"""""LAS""""",0,0,1,NA,1,"13jan2014","11jul2014","18jul2014","15mar2015",0,1,2,0.52349,563,636,0.7555556,0.2320656,50,43,"""""C6""""",NA,0,"""""""""",1,NA,NA,NA,NA,5,NA,NA,NA,NA,NA,6.110883,7,8.114989,7.142857,4.142857,NA,1.4,1,NA,0,1,1,0,0,0.5171806,0.5948387,986,932,4,4,NA,0,1,NA,NA,8,4,NA,4,1,NA,NA,8,4,NA,3,2,NA,NA,7,4,NA,NA,0,NA,NA,9,3,NA,0,1,NA,NA,7,5,NA,0,2,NA,NA,7,5,NA,NA,0,NA,NA,NA,NA,NA,NA,NA,NA,NA,NA,NA,NA,NA,NA,NA,NA,NA,NA,NA,NA,NA,NA,NA,NA,NA,NA,NA,NA,NA,NA,NA,NA,NA,NA,NA,NA,NA,NA,NA,NA,NA,NA,NA,NA,NA,NA,NA,NA,NA,NA,NA,0
"77",313,"""""LAS""""",0,0,1,NA,1,"07jan2014","15jul2014","22jul2014","21may2015",1,0,2,0.6467066,544,296,0.6341463,-0.0125602,32,39,"""""C7""""",NA,1,"""""""""",1,NA,NA,NA,NA,2,NA,NA,NA,NA,NA,6.439425,7,10.1848,4.571429,3.571429,NA,6,5.285714,NA,0,0,1,0.0283623,0.0686185,0.5443733,0.516011,1080,736,3,3,NA,0,5,NA,NA,5,4,NA,5,3,NA,NA,5,4,NA,4,4,NA,NA,4,4,NA,7,3,NA,NA,5,3,NA,2,4,NA,NA,5,3,NA,4,3,NA,NA,5,4,NA,20,15,NA,NA,NA,NA,NA,NA,NA,NA,NA,NA,NA,NA,NA,NA,NA,NA,NA,NA,NA,NA,NA,NA,NA,NA,NA,NA,NA,NA,NA,NA,NA,NA,NA,NA,NA,NA,NA,NA,NA,NA,NA,NA,NA,NA,NA,NA,NA,NA,NA,NA,NA,0
"78",314,"""""LAS""""",0,0,1,NA,1,"07jan2014","16jul2014","23jul2014","28mar2015",1,1,1,0.5802998,465,454,0.747449,0.1671492,48,43,"""""C8""""",NA,0,"""""""""",1,NA,NA,NA,NA,3,NA,NA,NA,NA,NA,6.472279,7,8.377824,6.857143,4.857143,NA,9.714286,23.42857,NA,0,1,1,0.3213578,0.0939784,0.7541726,0.5802297,1083,924,6,4,NA,15,4,NA,NA,5,5,NA,10,16,NA,NA,7,5,NA,10,10,NA,NA,7,5,NA,2,25,NA,NA,8,5,NA,6,20,NA,NA,7,5,NA,7,10,NA,NA,8,5,NA,18,79,NA,NA,NA,NA,NA,NA,NA,NA,NA,NA,NA,NA,NA,NA,NA,NA,NA,NA,NA,NA,NA,NA,NA,NA,NA,NA,NA,NA,NA,NA,NA,NA,NA,NA,NA,NA,NA,NA,NA,NA,NA,NA,NA,NA,NA,NA,NA,NA,NA,NA,NA,0
"79",315,"""""LAS""""",0,0,1,NA,1,"14jan2014","17jul2014","29jul2014","03jun2015",1,0,2,0.0930233,675,671,0.0581162,-0.034907,53.33334,59,"""""C2""""",NA,0,"""""""""",0,NA,NA,NA,NA,8,NA,NA,NA,NA,NA,6.439425,12,10.5462,4.444445,3.666667,NA,18.57143,4.111111,NA,3,1,0.75,0.0943555,0.0364855,0.4057849,0.3361132,861,712,3,4,NA,15,5,NA,NA,1,4,NA,15,5,NA,NA,6,4,NA,25,10,NA,NA,6,4,NA,30,5,NA,NA,4,2,NA,15,3,NA,NA,4,3,NA,15,4,NA,NA,5,4,NA,NA,0,NA,NA,5,4,NA,NA,5,NA,NA,6,4,NA,15,0,NA,NA,NA,NA,NA,NA,NA,NA,NA,NA,NA,NA,NA,NA,NA,NA,NA,NA,NA,NA,NA,NA,NA,NA,NA,NA,NA,NA,NA,NA,NA,NA,NA,NA,NA,NA,NA,0
"80",316,"""""LAS""""",0,0,1,NA,NA,"14feb2014","29jul2014","05aug2014","",0,0,1,0.67713,490,551,0.6810126,0.0038826,26,26,"""""C4""""",NA,0,"""""""""",1,NA,NA,NA,NA,3,NA,NA,NA,NA,NA,5.650924,7,NA,3.714286,3.285714,NA,9,3.714286,NA,0,1,1,0.0215012,0.0207856,0.3846755,0.4121113,NA,NA,5,4,NA,10,4,NA,NA,6,3,NA,5,2,NA,NA,6,4,NA,10,4,NA,NA,2,4,NA,10,6,NA,NA,3,4,NA,10,5,NA,NA,0,1,NA,12,3,NA,NA,4,3,NA,6,2,NA,NA,NA,NA,NA,NA,NA,NA,NA,NA,NA,NA,NA,NA,NA,NA,NA,NA,NA,NA,NA,NA,NA,NA,NA,NA,NA,NA,NA,NA,NA,NA,NA,NA,NA,NA,NA,NA,NA,NA,NA,NA,NA,NA,NA,NA,NA,NA,NA,NA,NA,0
"81",317,"""""LAS""""",0,0,1,NA,NA,"04mar2014","30jul2014","07aug2014","",0,0,2,0.7567011,656,674,0.6759657,-0.0807354,44,41,"""""C5""""",NA,0,"""""""""",1,NA,NA,NA,NA,8,NA,NA,NA,NA,NA,5.125257,8,NA,5.5,3.5,NA,2.625,8.375,NA,0,1,1,0.1804575,0.0363663,0.4456368,0.4846371,NA,NA,6,4,NA,10,6,NA,NA,6,3,NA,0,9,NA,NA,5,3,NA,5,10,NA,NA,3,4,NA,2,6,NA,NA,6,4,NA,2,12,NA,NA,6,3,NA,2,8,NA,NA,6,3,NA,0,8,NA,NA,6,4,NA,0,8,NA,NA,NA,NA,NA,NA,NA,NA,NA,NA,NA,NA,NA,NA,NA,NA,NA,NA,NA,NA,NA,NA,NA,NA,NA,NA,NA,NA,NA,NA,NA,NA,NA,NA,NA,NA,NA,NA,NA,NA,NA,NA,NA,NA,0
"82",318,"""""LAS""""",0,0,1,NA,NA,"03nov2013","30apr2014","09may2014","",0,0,2,0.3895487,264,350,0.375817,-0.0137317,53,78,"""""C3""""",NA,0,"""""""""",1,NA,NA,NA,NA,1,NA,NA,NA,NA,NA,6.143737,9,NA,5.888889,2,NA,2.625,1.666667,NA,0,1,1,0.1778048,0.1208639,0.7156743,0.6233406,NA,NA,5,2,NA,3,1,NA,NA,3,2,NA,6,5,NA,NA,3,2,NA,1,0,NA,NA,5,2,NA,NA,0,NA,NA,6,2,NA,1,0,NA,NA,8,2,NA,3,1,NA,NA,8,2,NA,2,2,NA,NA,8,2,NA,3,5,NA,NA,7,2,NA,2,1,NA,NA,NA,NA,NA,NA,NA,NA,NA,NA,NA,NA,NA,NA,NA,NA,NA,NA,NA,NA,NA,NA,NA,NA,NA,NA,NA,NA,NA,NA,NA,NA,NA,NA,NA,NA,NA,0
"83",319,"""""LAS""""",0,0,1,NA,1,"08feb2014","31jul2014","09aug2014","17apr2015",0,0,2,0.5762195,694,553,0.0880503,-0.4881692,25.2,29,"""""C6""""",NA,0,"""""""""",NA,NA,NA,NA,NA,7,NA,NA,NA,NA,NA,5.979466,9,8.542094,2.8,4.8,NA,2.5,2.6,NA,4,1,0.5555556,0.0087294,0,0.2870999,0.3284069,917,1000,2,5,NA,1,4,NA,NA,3,5,NA,5,5,NA,NA,2,4,NA,NA,0,NA,NA,4,5,NA,2,2,NA,NA,3,5,NA,2,2,NA,NA,NA,NA,NA,NA,NA,NA,NA,NA,NA,NA,NA,NA,NA,NA,NA,NA,NA,NA,NA,NA,NA,NA,NA,NA,NA,NA,NA,NA,NA,NA,NA,NA,NA,NA,NA,NA,NA,NA,NA,NA,NA,NA,NA,NA,NA,NA,NA,NA,NA,NA,NA,NA,NA,NA,NA,NA,NA,NA,NA,NA,NA,NA,NA,0
"84",320,"""""LAS""""",0,0,1,NA,NA,"06feb2014","31jul2014","07aug2014","",1,0,1,0.528436,416,619,0.2123142,-0.3161218,29.75,25,"""""C7""""",NA,0,"""""""""",0,NA,NA,NA,NA,6,NA,NA,NA,NA,NA,5.979466,7,NA,4.25,2.5,NA,9,5.75,NA,3,1,0.5714286,0.0129416,0.0093163,0.679958,0.618174,NA,NA,4,4,NA,5,5,NA,NA,5,2,NA,NA,0,NA,NA,4,2,NA,10,10,NA,NA,4,2,NA,12,8,NA,NA,NA,NA,NA,NA,NA,NA,NA,NA,NA,NA,NA,NA,NA,NA,NA,NA,NA,NA,NA,NA,NA,NA,NA,NA,NA,NA,NA,NA,NA,NA,NA,NA,NA,NA,NA,NA,NA,NA,NA,NA,NA,NA,NA,NA,NA,NA,NA,NA,NA,NA,NA,NA,NA,NA,NA,NA,NA,NA,NA,NA,NA,NA,NA,NA,NA,NA,NA,NA,NA,NA,0
"85",321,"""""LAS""""",0,0,1,NA,1,"28feb2014","02aug2014","09aug2014","02dec2014",0,1,2,0.4987593,558,691,0.3255269,-0.1732324,35,25,"""""C8""""",NA,0,"""""""""",0,NA,NA,NA,NA,2,NA,NA,NA,NA,NA,5.322382,7,4.008214,5,4,NA,2.571429,8.714286,NA,0,0,1,0.0183838,0.0143488,0.8391421,0.6556292,1001,985,10,3,NA,0,6,NA,NA,5,4,NA,7,7,NA,NA,5,4,NA,1,12,NA,NA,5,4,NA,0,10,NA,NA,0,NA,NA,3,6,NA,NA,5,4,NA,2,10,NA,NA,5,5,NA,5,10,NA,NA,NA,NA,NA,NA,NA,NA,NA,NA,NA,NA,NA,NA,NA,NA,NA,NA,NA,NA,NA,NA,NA,NA,NA,NA,NA,NA,NA,NA,NA,NA,NA,NA,NA,NA,NA,NA,NA,NA,NA,NA,NA,NA,NA,NA,NA,NA,NA,NA,NA,0
"86",322,"""""LAS""""",0,0,1,NA,1,"02mar2014","02aug2014","09aug2014","25apr2015",0,0,1,0.1736527,565,365,0.0927835,-0.0808692,43.16666,37,"""""C1""""",NA,0,"""""""""",1,NA,NA,NA,NA,5,NA,NA,NA,NA,NA,5.256673,7,8.73922,6.166667,5,NA,13,8.5,NA,1,1,0.8571429,0.4555556,0.0634781,0.8682539,0.6504315,943,865,5,5,NA,30,15,NA,NA,8,5,NA,10,5,NA,NA,6,5,NA,10,8,NA,NA,6,5,NA,8,5,NA,NA,5,5,NA,15,10,NA,NA,7,5,NA,5,8,NA,NA,NA,NA,NA,NA,NA,NA,NA,NA,NA,NA,NA,NA,NA,NA,NA,NA,NA,NA,NA,NA,NA,NA,NA,NA,NA,NA,NA,NA,NA,NA,NA,NA,NA,NA,NA,NA,NA,NA,NA,NA,NA,NA,NA,NA,NA,NA,NA,NA,NA,NA,NA,NA,NA,NA,NA,NA,0
"87",323,"""""LAS""""",0,0,1,NA,1,"23mar2014","04sep2014","11sep2014","04dec2014",0,0,1,0.3853503,465,212,0.5707317,0.1853814,28,31,"""""C3""""",NA,0,"""""""""",1,NA,NA,NA,NA,8,NA,NA,NA,NA,NA,5.650924,7,2.989733,4,3.714286,NA,2.285714,2.428571,NA,0,1,1,0.0174658,0.0012263,0.6825342,0.6264892,880,928,4,4,NA,0,2,NA,NA,4,3,NA,5,2,NA,NA,4,3,NA,1,2,NA,NA,4,4,NA,5,4,NA,NA,4,4,NA,2,2,NA,NA,4,4,NA,0,3,NA,NA,4,4,NA,3,2,NA,NA,NA,NA,NA,NA,NA,NA,NA,NA,NA,NA,NA,NA,NA,NA,NA,NA,NA,NA,NA,NA,NA,NA,NA,NA,NA,NA,NA,NA,NA,NA,NA,NA,NA,NA,NA,NA,NA,NA,NA,NA,NA,NA,NA,NA,NA,NA,NA,NA,NA,0
"88",324,"""""LAS""""",0,0,1,NA,NA,"01may2014","27sep2014","04oct2014","",1,1,2,0.4419889,623,622,0.3538083,-0.0881806,33.83334,26,"""""C4""""",NA,1,"""""""""",NA,NA,NA,NA,NA,3,NA,NA,NA,NA,NA,5.125257,7,NA,4.833333,4,NA,15,3.166667,NA,1,1,0.8571429,0.0634807,0.0652316,0.8412982,0.6829746,NA,NA,6,4,NA,32,2,NA,NA,4,4,NA,15,4,NA,NA,4,4,NA,10,4,NA,NA,4,4,NA,15,3,NA,NA,5,4,NA,16,2,NA,NA,6,4,NA,2,4,NA,NA,NA,NA,NA,NA,NA,NA,NA,NA,NA,NA,NA,NA,NA,NA,NA,NA,NA,NA,NA,NA,NA,NA,NA,NA,NA,NA,NA,NA,NA,NA,NA,NA,NA,NA,NA,NA,NA,NA,NA,NA,NA,NA,NA,NA,NA,NA,NA,NA,NA,NA,NA,NA,NA,NA,NA,NA,0
"89",325,"""""LAS""""",0,0,1,NA,1,"22may2014","15oct2014","22oct2014","14jan2015",0,0,1,0.41,691,270,0.5,0.09,33,33,"""""C2""""",NA,0,"""""""""",NA,NA,NA,NA,NA,3,NA,NA,NA,NA,NA,5.026694,7,2.989733,4.714286,3.857143,NA,10.71429,23.71428,NA,0,0,1,0.0730885,0.0017144,0.7181409,0.5636894,977,695,3,4,NA,10,6,NA,NA,5,4,NA,10,30,NA,NA,5,4,NA,10,30,NA,NA,5,4,NA,5,20,NA,NA,5,3,NA,5,20,NA,NA,5,4,NA,15,30,NA,NA,5,4,NA,20,30,NA,NA,NA,NA,NA,NA,NA,NA,NA,NA,NA,NA,NA,NA,NA,NA,NA,NA,NA,NA,NA,NA,NA,NA,NA,NA,NA,NA,NA,NA,NA,NA,NA,NA,NA,NA,NA,NA,NA,NA,NA,NA,NA,NA,NA,NA,NA,NA,NA,NA,NA,0
"90",326,"""""LAS""""",0,0,1,NA,1,"07jun2014","31oct2014","07nov2014","02apr2015",0,0,2,0.5978495,674,626,0.817372,0.2195225,25,28,"""""C5""""",NA,NA,"""""""""",NA,NA,NA,NA,NA,3,NA,NA,NA,NA,NA,5.026694,7,5.026694,3.571429,3.571429,NA,8,6.714286,NA,0,1,1,0.1831818,0.1322,0.7236364,0.5152665,933,829,3,3,NA,6,8,NA,NA,3,3,NA,10,5,NA,NA,5,3,NA,20,5,NA,NA,3,4,NA,3,10,NA,NA,3,4,NA,2,5,NA,NA,3,4,NA,10,8,NA,NA,5,4,NA,5,6,NA,NA,NA,NA,NA,NA,NA,NA,NA,NA,NA,NA,NA,NA,NA,NA,NA,NA,NA,NA,NA,NA,NA,NA,NA,NA,NA,NA,NA,NA,NA,NA,NA,NA,NA,NA,NA,NA,NA,NA,NA,NA,NA,NA,NA,NA,NA,NA,NA,NA,NA,0
"91",327,"""""LAS""""",0,0,1,NA,NA,"13nov2013","13may2014","23may2014","",0,0,1,0.4834711,400,702,0.4623116,-0.0211595,72.22222,65,"""""C4""""",NA,0,"""""""""",1,NA,NA,NA,NA,3,NA,NA,NA,NA,NA,6.275154,10,NA,7.222222,3.888889,NA,13.33333,8.666667,NA,1,1,0.9,0.1024769,0.0820385,0.7467217,0.7143153,NA,NA,5,4,NA,5,4,NA,NA,8,3,NA,3,2,NA,NA,8,3,NA,7,4,NA,NA,8,4,NA,5,3,NA,NA,7,4,NA,5,10,NA,NA,7,4,NA,30,15,NA,NA,7,4,NA,15,5,NA,NA,7,4,NA,25,7,NA,NA,8,5,NA,25,28,NA,NA,NA,NA,NA,NA,NA,NA,NA,NA,NA,NA,NA,NA,NA,NA,NA,NA,NA,NA,NA,NA,NA,NA,NA,NA,NA,NA,NA,NA,NA,NA,NA,NA,NA,NA,NA,0
"92",328,"""""LAS""""",0,0,1,NA,NA,"13nov2013","15may2014","23may2014","",1,1,2,0.3992674,593,589,0.4628572,0.0635898,66.28571,65,"""""C5""""",NA,0,"""""""""",1,NA,NA,NA,NA,4,NA,NA,NA,NA,NA,6.275154,8,NA,8.285714,4.571429,NA,8.285714,5,NA,1,1,0.875,0.0647795,0.0651485,0.8189076,0.7071287,NA,NA,3,4,NA,4,3,NA,NA,6,4,NA,5,4,NA,NA,9,4,NA,4,5,NA,NA,10,5,NA,6,2,NA,NA,10,5,NA,12,5,NA,NA,10,5,NA,15,8,NA,NA,10,5,NA,12,8,NA,NA,NA,NA,NA,NA,NA,NA,NA,NA,NA,NA,NA,NA,NA,NA,NA,NA,NA,NA,NA,NA,NA,NA,NA,NA,NA,NA,NA,NA,NA,NA,NA,NA,NA,NA,NA,NA,NA,NA,NA,NA,NA,NA,NA,NA,NA,NA,NA,NA,NA,0
"93",329,"""""LAS""""",0,0,1,NA,1,"11dec2013","23may2014","30may2014","02dec2014",0,0,1,0.3125,677,676,0.2558824,-0.0566176,45.5,52,"""""C6""""",NA,0,"""""""""",1,NA,NA,NA,NA,4,NA,NA,NA,NA,NA,5.585216,7,6.340862,6.5,3.166667,NA,3.6,4.166667,NA,1,1,0.8571429,0.0373936,0,0.4844502,0.4635123,940,930,5,3,NA,3,5,NA,NA,7,3,NA,0,5,NA,NA,8,2,NA,0,5,NA,NA,6,4,NA,NA,0,NA,NA,6,3,NA,0,6,NA,NA,7,4,NA,15,4,NA,NA,NA,NA,NA,NA,NA,NA,NA,NA,NA,NA,NA,NA,NA,NA,NA,NA,NA,NA,NA,NA,NA,NA,NA,NA,NA,NA,NA,NA,NA,NA,NA,NA,NA,NA,NA,NA,NA,NA,NA,NA,NA,NA,NA,NA,NA,NA,NA,NA,NA,NA,NA,NA,NA,NA,NA,NA,0
"94",330,"""""LAS""""",0,0,1,NA,1,"28nov2013","27may2014","07jun2014","30may2015",1,0,2,0.6793349,501,484,0.4908676,-0.1884674,86.9,75,"""""C7""""",NA,0,"""""""""",1,NA,NA,NA,NA,3,NA,NA,NA,NA,NA,6.275154,11,12.09035,7.9,2.777778,NA,10.44444,7.1,NA,1,1,0.9090909,0.0115552,0.0762679,0.4303845,0.6142083,1090,833,4,3,NA,6,5,NA,NA,9,3,NA,10,5,NA,NA,8,3,NA,NA,0,NA,NA,10,3,NA,20,10,NA,NA,8,2,NA,20,10,NA,NA,10,3,NA,3,3,NA,NA,10,2,NA,0,10,NA,NA,10,3,NA,20,5,NA,NA,10,3,NA,10,3,NA,NA,0,NA,NA,5,20,NA,NA,NA,NA,NA,NA,NA,NA,NA,NA,NA,NA,NA,NA,NA,NA,NA,NA,NA,NA,NA,NA,NA,NA,NA,NA,NA,NA,NA,NA,0
"95",331,"""""LAS""""",0,0,1,NA,1,"29nov2013","27may2014","03jun2014","25apr2015",1,0,1,0.4516129,545,651,0.2956522,-0.1559607,57,53,"""""C8""""",NA,0,"""""""""",1,NA,NA,NA,NA,2,NA,NA,NA,NA,NA,6.110883,7,10.94045,8.142858,3.571429,NA,30.83333,10.28571,NA,0,0,1,0.0830479,0.0869418,0.349101,0.4350484,1015,1062,5,5,NA,NA,0,NA,NA,8,3,NA,0,2,NA,NA,8,4,NA,20,5,NA,NA,7,4,NA,30,10,NA,NA,9,3,NA,80,25,NA,NA,10,4,NA,30,20,NA,NA,10,2,NA,25,10,NA,NA,NA,NA,NA,NA,NA,NA,NA,NA,NA,NA,NA,NA,NA,NA,NA,NA,NA,NA,NA,NA,NA,NA,NA,NA,NA,NA,NA,NA,NA,NA,NA,NA,NA,NA,NA,NA,NA,NA,NA,NA,NA,NA,NA,NA,NA,NA,NA,NA,NA,0
"96",332,"""""LAS""""",0,0,1,NA,NA,"13dec2013","28may2014","04jun2014","",0,0,1,0.4227273,691,677,0.6629527,0.2402254,49,56,"""""C4""""",NA,0,"""""""""",1,NA,NA,NA,NA,1,NA,NA,NA,NA,NA,5.683778,7,NA,7,2.714286,NA,2.857143,4.285714,NA,0,1,1,0.0530738,0.0333863,0.6706967,0.6228582,NA,NA,6,2,NA,0,4,NA,NA,9,3,NA,2,2,NA,NA,6,3,NA,5,6,NA,NA,6,3,NA,4,4,NA,NA,7,2,NA,5,5,NA,NA,8,3,NA,0,5,NA,NA,7,3,NA,4,4,NA,NA,NA,NA,NA,NA,NA,NA,NA,NA,NA,NA,NA,NA,NA,NA,NA,NA,NA,NA,NA,NA,NA,NA,NA,NA,NA,NA,NA,NA,NA,NA,NA,NA,NA,NA,NA,NA,NA,NA,NA,NA,NA,NA,NA,NA,NA,NA,NA,NA,NA,0
