Stu_ID,test,score
1,sat_verbal,433
1,sat_math,390
1,sat_writing,462
2,sat_verbal,523
2,sat_math,532
2,sat_writing,519
3,sat_verbal,513
3,sat_math,556
3,sat_writing,539
4,sat_verbal,521
4,sat_math,303
4,sat_writing,321
5,sat_verbal,527
5,sat_math,420
5,sat_writing,445
6,sat_verbal,463
6,sat_math,599
6,sat_writing,703
7,sat_verbal,664
7,sat_math,522
7,sat_writing,648
8,sat_verbal,451
8,sat_math,585
8,sat_writing,562
9,sat_verbal,501
9,sat_math,611
9,sat_writing,568
10,sat_verbal,540
10,sat_math,464
10,sat_writing,569
11,sat_verbal,633
11,sat_math,516
11,sat_writing,454
12,sat_verbal,455
12,sat_math,586
12,sat_writing,342
13,sat_verbal,592
13,sat_math,574
13,sat_writing,526
14,sat_verbal,516
14,sat_math,518
14,sat_writing,674
15,sat_verbal,619
15,sat_math,531
15,sat_writing,306
16,sat_verbal,593
16,sat_math,508
16,sat_writing,741
17,sat_verbal,596
17,sat_math,326
17,sat_writing,510
18,sat_verbal,555
18,sat_math,439
18,sat_writing,528
19,sat_verbal,460
19,sat_math,649
19,sat_writing,662
20,sat_verbal,472
20,sat_math,403
20,sat_writing,583
21,sat_verbal,703
21,sat_math,676
21,sat_writing,445
22,sat_verbal,550
22,sat_math,650
22,sat_writing,726
23,sat_verbal,257
23,sat_math,551
23,sat_writing,572
24,sat_verbal,227
24,sat_math,614
24,sat_writing,586
25,sat_verbal,622
25,sat_math,584
25,sat_writing,382
26,sat_verbal,578
26,sat_math,493
26,sat_writing,650
27,sat_verbal,466
27,sat_math,250
27,sat_writing,363
28,sat_verbal,650
28,sat_math,580
28,sat_writing,377
29,sat_verbal,519
29,sat_math,558
29,sat_writing,660
30,sat_verbal,663
30,sat_math,522
30,sat_writing,438
31,sat_verbal,568
31,sat_math,588
31,sat_writing,517
32,sat_verbal,496
32,sat_math,333
32,sat_writing,294
33,sat_verbal,391
33,sat_math,381
33,sat_writing,591
34,sat_verbal,513
34,sat_math,575
34,sat_writing,714
35,sat_verbal,455
35,sat_math,481
35,sat_writing,507
36,sat_verbal,273
36,sat_math,450
36,sat_writing,454
37,sat_verbal,515
37,sat_math,534
37,sat_writing,578
38,sat_verbal,631
38,sat_math,556
38,sat_writing,466
39,sat_verbal,549
39,sat_math,536
39,sat_writing,512
40,sat_verbal,582
40,sat_math,499
40,sat_writing,652
41,sat_verbal,421
41,sat_math,496
41,sat_writing,428
42,sat_verbal,565
42,sat_math,427
42,sat_writing,389
43,sat_verbal,444
43,sat_math,311
43,sat_writing,602
44,sat_verbal,536
44,sat_math,480
44,sat_writing,545
45,sat_verbal,548
45,sat_math,727
45,sat_writing,564
46,sat_verbal,390
46,sat_math,188
46,sat_writing,361
47,sat_verbal,514
47,sat_math,473
47,sat_writing,442
48,sat_verbal,574
48,sat_math,536
48,sat_writing,597
49,sat_verbal,587
49,sat_math,545
49,sat_writing,424
50,sat_verbal,462
50,sat_math,355
50,sat_writing,516
51,sat_verbal,423
51,sat_math,683
51,sat_writing,508
52,sat_verbal,758
52,sat_math,534
52,sat_writing,419
53,sat_verbal,299
53,sat_math,642
53,sat_writing,482
54,sat_verbal,627
54,sat_math,796
54,sat_writing,443
55,sat_verbal,579
55,sat_math,683
55,sat_writing,539
56,sat_verbal,496
56,sat_math,558
56,sat_writing,577
57,sat_verbal,415
57,sat_math,650
57,sat_writing,651
58,sat_verbal,525
58,sat_math,518
58,sat_writing,533
59,sat_verbal,463
59,sat_math,699
59,sat_writing,586
60,sat_verbal,340
60,sat_math,699
60,sat_writing,417
61,sat_verbal,621
61,sat_math,497
61,sat_writing,347
62,sat_verbal,361
62,sat_math,551
62,sat_writing,471
63,sat_verbal,329
63,sat_math,528
63,sat_writing,551
64,sat_verbal,494
64,sat_math,427
64,sat_writing,580
65,sat_verbal,447
65,sat_math,387
65,sat_writing,418
66,sat_verbal,415
66,sat_math,469
66,sat_writing,294
67,sat_verbal,301
67,sat_math,428
67,sat_writing,511
68,sat_verbal,430
68,sat_math,542
68,sat_writing,327
69,sat_verbal,497
69,sat_math,418
69,sat_writing,409
70,sat_verbal,569
70,sat_math,419
70,sat_writing,366
71,sat_verbal,415
71,sat_math,447
71,sat_writing,696
72,sat_verbal,402
72,sat_math,491
72,sat_writing,365
73,sat_verbal,506
73,sat_math,416
73,sat_writing,424
74,sat_verbal,670
74,sat_math,415
74,sat_writing,542
75,sat_verbal,513
75,sat_math,410
75,sat_writing,571
76,sat_verbal,421
76,sat_math,417
76,sat_writing,566
77,sat_verbal,322
77,sat_math,606
77,sat_writing,443
78,sat_verbal,568
78,sat_math,593
78,sat_writing,289
79,sat_verbal,488
79,sat_math,499
79,sat_writing,285
80,sat_verbal,456
80,sat_math,448
80,sat_writing,277
81,sat_verbal,643
81,sat_math,488
81,sat_writing,641
82,sat_verbal,359
82,sat_math,676
82,sat_writing,648
83,sat_verbal,575
83,sat_math,542
83,sat_writing,626
84,sat_verbal,502
84,sat_math,561
84,sat_writing,647
85,sat_verbal,498
85,sat_math,550
85,sat_writing,511
86,sat_verbal,487
86,sat_math,420
86,sat_writing,450
87,sat_verbal,361
87,sat_math,497
87,sat_writing,409
88,sat_verbal,592
88,sat_math,364
88,sat_writing,432
89,sat_verbal,531
89,sat_math,421
89,sat_writing,594
90,sat_verbal,611
90,sat_math,447
90,sat_writing,399
91,sat_verbal,288
91,sat_math,467
91,sat_writing,378
92,sat_verbal,599
92,sat_math,422
92,sat_writing,529
93,sat_verbal,505
93,sat_math,346
93,sat_writing,563
94,sat_verbal,699
94,sat_math,426
94,sat_writing,275
95,sat_verbal,478
95,sat_math,431
95,sat_writing,524
96,sat_verbal,625
96,sat_math,487
96,sat_writing,495
97,sat_verbal,599
97,sat_math,637
97,sat_writing,415
98,sat_verbal,386
98,sat_math,419
98,sat_writing,549
99,sat_verbal,670
99,sat_math,618
99,sat_writing,441
100,sat_verbal,486
100,sat_math,391
100,sat_writing,477
101,sat_verbal,413
101,sat_math,591
101,sat_writing,590
102,sat_verbal,587
102,sat_math,415
102,sat_writing,531
103,sat_verbal,627
103,sat_math,389
103,sat_writing,378
104,sat_verbal,523
104,sat_math,500
104,sat_writing,415
105,sat_verbal,525
105,sat_math,605
105,sat_writing,567
106,sat_verbal,376
106,sat_math,582
106,sat_writing,623
107,sat_verbal,413
107,sat_math,610
107,sat_writing,622
108,sat_verbal,544
108,sat_math,310
108,sat_writing,280
109,sat_verbal,614
109,sat_math,473
109,sat_writing,532
110,sat_verbal,480
110,sat_math,601
110,sat_writing,477
111,sat_verbal,299
111,sat_math,622
111,sat_writing,371
112,sat_verbal,492
112,sat_math,435
112,sat_writing,364
113,sat_verbal,371
113,sat_math,473
113,sat_writing,589
114,sat_verbal,592
114,sat_math,338
114,sat_writing,231
115,sat_verbal,581
115,sat_math,312
115,sat_writing,555
116,sat_verbal,331
116,sat_math,361
116,sat_writing,459
117,sat_verbal,627
117,sat_math,626
117,sat_writing,379
118,sat_verbal,382
118,sat_math,592
118,sat_writing,393
119,sat_verbal,425
119,sat_math,497
119,sat_writing,394
120,sat_verbal,426
120,sat_math,503
120,sat_writing,339
121,sat_verbal,627
121,sat_math,471
121,sat_writing,622
122,sat_verbal,408
122,sat_math,430
122,sat_writing,368
123,sat_verbal,453
123,sat_math,516
123,sat_writing,705
124,sat_verbal,654
124,sat_math,674
124,sat_writing,370
125,sat_verbal,449
125,sat_math,437
125,sat_writing,650
126,sat_verbal,562
126,sat_math,617
126,sat_writing,519
127,sat_verbal,485
127,sat_math,482
127,sat_writing,381
128,sat_verbal,430
128,sat_math,489
128,sat_writing,577
129,sat_verbal,392
129,sat_math,545
129,sat_writing,461
130,sat_verbal,534
130,sat_math,549
130,sat_writing,460
131,sat_verbal,560
131,sat_math,467
131,sat_writing,521
132,sat_verbal,568
132,sat_math,603
132,sat_writing,358
133,sat_verbal,348
133,sat_math,688
133,sat_writing,543
134,sat_verbal,581
134,sat_math,485
134,sat_writing,543
135,sat_verbal,566
135,sat_math,458
135,sat_writing,470
136,sat_verbal,497
136,sat_math,402
136,sat_writing,703
137,sat_verbal,595
137,sat_math,674
137,sat_writing,559
138,sat_verbal,513
138,sat_math,544
138,sat_writing,364
139,sat_verbal,548
139,sat_math,435
139,sat_writing,630
140,sat_verbal,540
140,sat_math,698
140,sat_writing,604
141,sat_verbal,388
141,sat_math,409
141,sat_writing,568
142,sat_verbal,561
142,sat_math,473
142,sat_writing,527
143,sat_verbal,562
143,sat_math,424
143,sat_writing,218
144,sat_verbal,354
144,sat_math,589
144,sat_writing,465
145,sat_verbal,329
145,sat_math,603
145,sat_writing,468
146,sat_verbal,496
146,sat_math,288
146,sat_writing,463
147,sat_verbal,402
147,sat_math,489
147,sat_writing,620
148,sat_verbal,638
148,sat_math,411
148,sat_writing,608
149,sat_verbal,552
149,sat_math,705
149,sat_writing,480
150,sat_verbal,335
150,sat_math,345
150,sat_writing,598
151,sat_verbal,288
151,sat_math,530
151,sat_writing,599
152,sat_verbal,499
152,sat_math,657
152,sat_writing,402
153,sat_verbal,257
153,sat_math,562
153,sat_writing,534
154,sat_verbal,608
154,sat_math,386
154,sat_writing,426
155,sat_verbal,439
155,sat_math,540
155,sat_writing,456
156,sat_verbal,430
156,sat_math,587
156,sat_writing,345
157,sat_verbal,353
157,sat_math,659
157,sat_writing,338
158,sat_verbal,548
158,sat_math,673
158,sat_writing,424
159,sat_verbal,485
159,sat_math,405
159,sat_writing,315
160,sat_verbal,438
160,sat_math,548
160,sat_writing,600
161,sat_verbal,505
161,sat_math,594
161,sat_writing,309
162,sat_verbal,459
162,sat_math,539
162,sat_writing,444
163,sat_verbal,404
163,sat_math,329
163,sat_writing,525
164,sat_verbal,553
164,sat_math,257
164,sat_writing,303
165,sat_verbal,565
165,sat_math,397
165,sat_writing,377
166,sat_verbal,416
166,sat_math,488
166,sat_writing,593
167,sat_verbal,350
167,sat_math,662
167,sat_writing,262
168,sat_verbal,434
168,sat_math,621
168,sat_writing,435
169,sat_verbal,524
169,sat_math,548
169,sat_writing,347
170,sat_verbal,580
170,sat_math,719
170,sat_writing,285
171,sat_verbal,371
171,sat_math,588
171,sat_writing,440
172,sat_verbal,508
172,sat_math,519
172,sat_writing,454
173,sat_verbal,692
173,sat_math,629
173,sat_writing,604
174,sat_verbal,550
174,sat_math,688
174,sat_writing,482
175,sat_verbal,479
175,sat_math,654
175,sat_writing,695
176,sat_verbal,486
176,sat_math,529
176,sat_writing,422
177,sat_verbal,315
177,sat_math,599
177,sat_writing,567
178,sat_verbal,498
178,sat_math,615
178,sat_writing,452
179,sat_verbal,493
179,sat_math,412
179,sat_writing,416
180,sat_verbal,435
180,sat_math,605
180,sat_writing,618
181,sat_verbal,537
181,sat_math,610
181,sat_writing,467
182,sat_verbal,470
182,sat_math,335
182,sat_writing,454
183,sat_verbal,572
183,sat_math,462
183,sat_writing,565
184,sat_verbal,651
184,sat_math,591
184,sat_writing,447
185,sat_verbal,533
185,sat_math,466
185,sat_writing,474
186,sat_verbal,563
186,sat_math,283
186,sat_writing,276
187,sat_verbal,439
187,sat_math,499
187,sat_writing,473
188,sat_verbal,320
188,sat_math,498
188,sat_writing,581
189,sat_verbal,525
189,sat_math,530
189,sat_writing,471
190,sat_verbal,508
190,sat_math,610
190,sat_writing,458
191,sat_verbal,395
191,sat_math,628
191,sat_writing,576
192,sat_verbal,571
192,sat_math,548
192,sat_writing,523
193,sat_verbal,422
193,sat_math,659
193,sat_writing,590
194,sat_verbal,599
194,sat_math,618
194,sat_writing,468
195,sat_verbal,608
195,sat_math,607
195,sat_writing,487
196,sat_verbal,457
196,sat_math,475
196,sat_writing,294
197,sat_verbal,526
197,sat_math,332
197,sat_writing,508
198,sat_verbal,451
198,sat_math,573
198,sat_writing,379
199,sat_verbal,472
199,sat_math,636
199,sat_writing,435
200,sat_verbal,367
200,sat_math,595
200,sat_writing,664
201,sat_verbal,428
201,sat_math,424
201,sat_writing,603
202,sat_verbal,475
202,sat_math,690
202,sat_writing,426
203,sat_verbal,323
203,sat_math,504
203,sat_writing,423
204,sat_verbal,476
204,sat_math,478
204,sat_writing,732
205,sat_verbal,565
205,sat_math,557
205,sat_writing,447
206,sat_verbal,591
206,sat_math,643
206,sat_writing,518
207,sat_verbal,414
207,sat_math,633
207,sat_writing,603
208,sat_verbal,458
208,sat_math,870
208,sat_writing,570
209,sat_verbal,633
209,sat_math,587
209,sat_writing,430
210,sat_verbal,495
210,sat_math,516
210,sat_writing,721
211,sat_verbal,609
211,sat_math,469
211,sat_writing,381
212,sat_verbal,396
212,sat_math,354
212,sat_writing,612
213,sat_verbal,456
213,sat_math,662
213,sat_writing,548
214,sat_verbal,473
214,sat_math,643
214,sat_writing,394
215,sat_verbal,406
215,sat_math,460
215,sat_writing,444
216,sat_verbal,466
216,sat_math,528
216,sat_writing,376
217,sat_verbal,399
217,sat_math,606
217,sat_writing,737
218,sat_verbal,501
218,sat_math,365
218,sat_writing,535
219,sat_verbal,461
219,sat_math,397
219,sat_writing,368
220,sat_verbal,377
220,sat_math,634
220,sat_writing,649
221,sat_verbal,443
221,sat_math,440
221,sat_writing,585
222,sat_verbal,414
222,sat_math,752
222,sat_writing,661
223,sat_verbal,551
223,sat_math,482
223,sat_writing,399
224,sat_verbal,487
224,sat_math,646
224,sat_writing,640
225,sat_verbal,503
225,sat_math,551
225,sat_writing,584
226,sat_verbal,387
226,sat_math,545
226,sat_writing,524
227,sat_verbal,405
227,sat_math,480
227,sat_writing,321
228,sat_verbal,538
228,sat_math,229
228,sat_writing,469
229,sat_verbal,581
229,sat_math,426
229,sat_writing,525
230,sat_verbal,504
230,sat_math,381
230,sat_writing,440
231,sat_verbal,539
231,sat_math,438
231,sat_writing,604
232,sat_verbal,312
232,sat_math,569
232,sat_writing,626
233,sat_verbal,629
233,sat_math,339
233,sat_writing,597
234,sat_verbal,597
234,sat_math,663
234,sat_writing,309
235,sat_verbal,552
235,sat_math,607
235,sat_writing,664
236,sat_verbal,333
236,sat_math,378
236,sat_writing,259
237,sat_verbal,515
237,sat_math,441
237,sat_writing,559
238,sat_verbal,541
238,sat_math,541
238,sat_writing,508
239,sat_verbal,406
239,sat_math,445
239,sat_writing,417
240,sat_verbal,305
240,sat_math,481
240,sat_writing,513
241,sat_verbal,357
241,sat_math,528
241,sat_writing,460
242,sat_verbal,370
242,sat_math,804
242,sat_writing,387
243,sat_verbal,385
243,sat_math,620
243,sat_writing,497
244,sat_verbal,486
244,sat_math,485
244,sat_writing,459
245,sat_verbal,406
245,sat_math,722
245,sat_writing,325
246,sat_verbal,587
246,sat_math,640
246,sat_writing,656
247,sat_verbal,562
247,sat_math,603
247,sat_writing,424
248,sat_verbal,649
248,sat_math,546
248,sat_writing,513
249,sat_verbal,489
249,sat_math,459
249,sat_writing,567
250,sat_verbal,477
250,sat_math,510
250,sat_writing,522
251,sat_verbal,459
251,sat_math,582
251,sat_writing,502
252,sat_verbal,407
252,sat_math,485
252,sat_writing,457
253,sat_verbal,468
253,sat_math,552
253,sat_writing,561
254,sat_verbal,789
254,sat_math,646
254,sat_writing,566
255,sat_verbal,602
255,sat_math,477
255,sat_writing,483
256,sat_verbal,477
256,sat_math,477
256,sat_writing,384
257,sat_verbal,476
257,sat_math,670
257,sat_writing,494
258,sat_verbal,521
258,sat_math,407
258,sat_writing,481
259,sat_verbal,355
259,sat_math,573
259,sat_writing,643
260,sat_verbal,689
260,sat_math,430
260,sat_writing,389
261,sat_verbal,527
261,sat_math,376
261,sat_writing,526
262,sat_verbal,490
262,sat_math,346
262,sat_writing,396
263,sat_verbal,350
263,sat_math,666
263,sat_writing,471
264,sat_verbal,540
264,sat_math,499
264,sat_writing,477
265,sat_verbal,587
265,sat_math,630
265,sat_writing,477
266,sat_verbal,475
266,sat_math,395
266,sat_writing,376
267,sat_verbal,461
267,sat_math,398
267,sat_writing,522
268,sat_verbal,449
268,sat_math,364
268,sat_writing,372
269,sat_verbal,552
269,sat_math,645
269,sat_writing,603
270,sat_verbal,447
270,sat_math,450
270,sat_writing,253
271,sat_verbal,472
271,sat_math,612
271,sat_writing,457
272,sat_verbal,477
272,sat_math,395
272,sat_writing,416
273,sat_verbal,361
273,sat_math,579
273,sat_writing,543
274,sat_verbal,779
274,sat_math,490
274,sat_writing,682
275,sat_verbal,576
275,sat_math,545
275,sat_writing,593
276,sat_verbal,487
276,sat_math,467
276,sat_writing,372
277,sat_verbal,258
277,sat_math,609
277,sat_writing,538
278,sat_verbal,354
278,sat_math,414
278,sat_writing,616
279,sat_verbal,349
279,sat_math,567
279,sat_writing,668
280,sat_verbal,366
280,sat_math,687
280,sat_writing,495
281,sat_verbal,481
281,sat_math,205
281,sat_writing,496
282,sat_verbal,380
282,sat_math,508
282,sat_writing,483
283,sat_verbal,588
283,sat_math,577
283,sat_writing,487
284,sat_verbal,587
284,sat_math,467
284,sat_writing,493
285,sat_verbal,377
285,sat_math,625
285,sat_writing,456
286,sat_verbal,453
286,sat_math,369
286,sat_writing,564
287,sat_verbal,527
287,sat_math,692
287,sat_writing,606
288,sat_verbal,554
288,sat_math,776
288,sat_writing,575
289,sat_verbal,522
289,sat_math,536
289,sat_writing,502
290,sat_verbal,409
290,sat_math,714
290,sat_writing,666
291,sat_verbal,438
291,sat_math,425
291,sat_writing,448
292,sat_verbal,570
292,sat_math,545
292,sat_writing,443
293,sat_verbal,589
293,sat_math,617
293,sat_writing,563
294,sat_verbal,407
294,sat_math,367
294,sat_writing,250
295,sat_verbal,594
295,sat_math,413
295,sat_writing,595
296,sat_verbal,529
296,sat_math,614
296,sat_writing,593
297,sat_verbal,536
297,sat_math,668
297,sat_writing,549
298,sat_verbal,447
298,sat_math,988
298,sat_writing,512
299,sat_verbal,556
299,sat_math,256
299,sat_writing,603
300,sat_verbal,403
300,sat_math,521
300,sat_writing,540
301,sat_verbal,741
301,sat_math,680
301,sat_writing,663
302,sat_verbal,528
302,sat_math,552
302,sat_writing,515
303,sat_verbal,534
303,sat_math,657
303,sat_writing,484
304,sat_verbal,576
304,sat_math,377
304,sat_writing,545
305,sat_verbal,523
305,sat_math,647
305,sat_writing,392
306,sat_verbal,552
306,sat_math,605
306,sat_writing,338
307,sat_verbal,570
307,sat_math,590
307,sat_writing,619
308,sat_verbal,329
308,sat_math,278
308,sat_writing,505
309,sat_verbal,414
309,sat_math,543
309,sat_writing,626
310,sat_verbal,359
310,sat_math,467
310,sat_writing,252
311,sat_verbal,560
311,sat_math,607
311,sat_writing,450
312,sat_verbal,492
312,sat_math,668
312,sat_writing,409
313,sat_verbal,662
313,sat_math,515
313,sat_writing,655
314,sat_verbal,495
314,sat_math,746
314,sat_writing,654
315,sat_verbal,357
315,sat_math,381
315,sat_writing,601
316,sat_verbal,443
316,sat_math,506
316,sat_writing,593
317,sat_verbal,584
317,sat_math,532
317,sat_writing,685
318,sat_verbal,592
318,sat_math,560
318,sat_writing,464
319,sat_verbal,645
319,sat_math,528
319,sat_writing,526
320,sat_verbal,387
320,sat_math,564
320,sat_writing,334
321,sat_verbal,413
321,sat_math,442
321,sat_writing,530
322,sat_verbal,390
322,sat_math,623
322,sat_writing,463
323,sat_verbal,646
323,sat_math,550
323,sat_writing,422
324,sat_verbal,417
324,sat_math,632
324,sat_writing,650
325,sat_verbal,499
325,sat_math,548
325,sat_writing,273
326,sat_verbal,381
326,sat_math,421
326,sat_writing,612
327,sat_verbal,399
327,sat_math,511
327,sat_writing,438
328,sat_verbal,704
328,sat_math,655
328,sat_writing,274
329,sat_verbal,381
329,sat_math,461
329,sat_writing,464
330,sat_verbal,234
330,sat_math,423
330,sat_writing,592
331,sat_verbal,712
331,sat_math,392
331,sat_writing,620
332,sat_verbal,596
332,sat_math,452
332,sat_writing,555
333,sat_verbal,522
333,sat_math,193
333,sat_writing,511
334,sat_verbal,624
334,sat_math,680
334,sat_writing,402
335,sat_verbal,461
335,sat_math,576
335,sat_writing,619
336,sat_verbal,601
336,sat_math,471
336,sat_writing,540
337,sat_verbal,415
337,sat_math,701
337,sat_writing,350
338,sat_verbal,613
338,sat_math,582
338,sat_writing,686
339,sat_verbal,633
339,sat_math,301
339,sat_writing,569
340,sat_verbal,535
340,sat_math,374
340,sat_writing,707
341,sat_verbal,250
341,sat_math,533
341,sat_writing,567
342,sat_verbal,393
342,sat_math,512
342,sat_writing,525
343,sat_verbal,450
343,sat_math,719
343,sat_writing,408
344,sat_verbal,692
344,sat_math,532
344,sat_writing,528
345,sat_verbal,705
345,sat_math,347
345,sat_writing,448
346,sat_verbal,451
346,sat_math,566
346,sat_writing,591
347,sat_verbal,507
347,sat_math,578
347,sat_writing,448
348,sat_verbal,499
348,sat_math,801
348,sat_writing,386
349,sat_verbal,519
349,sat_math,631
349,sat_writing,352
350,sat_verbal,370
350,sat_math,553
350,sat_writing,508
351,sat_verbal,499
351,sat_math,280
351,sat_writing,482
352,sat_verbal,345
352,sat_math,313
352,sat_writing,353
353,sat_verbal,401
353,sat_math,600
353,sat_writing,347
354,sat_verbal,528
354,sat_math,483
354,sat_writing,498
355,sat_verbal,380
355,sat_math,631
355,sat_writing,464
356,sat_verbal,539
356,sat_math,716
356,sat_writing,479
357,sat_verbal,545
357,sat_math,582
357,sat_writing,508
358,sat_verbal,447
358,sat_math,511
358,sat_writing,372
359,sat_verbal,524
359,sat_math,681
359,sat_writing,586
360,sat_verbal,683
360,sat_math,459
360,sat_writing,344
361,sat_verbal,427
361,sat_math,630
361,sat_writing,439
362,sat_verbal,458
362,sat_math,332
362,sat_writing,541
363,sat_verbal,442
363,sat_math,453
363,sat_writing,750
364,sat_verbal,406
364,sat_math,458
364,sat_writing,342
365,sat_verbal,619
365,sat_math,752
365,sat_writing,420
366,sat_verbal,265
366,sat_math,411
366,sat_writing,456
367,sat_verbal,450
367,sat_math,497
367,sat_writing,426
368,sat_verbal,587
368,sat_math,266
368,sat_writing,290
369,sat_verbal,496
369,sat_math,657
369,sat_writing,363
370,sat_verbal,283
370,sat_math,525
370,sat_writing,484
371,sat_verbal,434
371,sat_math,517
371,sat_writing,299
372,sat_verbal,536
372,sat_math,358
372,sat_writing,317
373,sat_verbal,603
373,sat_math,468
373,sat_writing,476
374,sat_verbal,629
374,sat_math,653
374,sat_writing,580
375,sat_verbal,383
375,sat_math,614
375,sat_writing,650
376,sat_verbal,363
376,sat_math,262
376,sat_writing,590
377,sat_verbal,594
377,sat_math,276
377,sat_writing,425
378,sat_verbal,420
378,sat_math,440
378,sat_writing,534
379,sat_verbal,466
379,sat_math,648
379,sat_writing,547
380,sat_verbal,550
380,sat_math,474
380,sat_writing,296
381,sat_verbal,580
381,sat_math,444
381,sat_writing,502
382,sat_verbal,462
382,sat_math,501
382,sat_writing,287
383,sat_verbal,605
383,sat_math,221
383,sat_writing,452
384,sat_verbal,402
384,sat_math,545
384,sat_writing,478
385,sat_verbal,366
385,sat_math,508
385,sat_writing,620
386,sat_verbal,524
386,sat_math,428
386,sat_writing,424
387,sat_verbal,671
387,sat_math,432
387,sat_writing,369
388,sat_verbal,731
388,sat_math,576
388,sat_writing,371
389,sat_verbal,760
389,sat_math,415
389,sat_writing,412
390,sat_verbal,604
390,sat_math,519
390,sat_writing,654
391,sat_verbal,537
391,sat_math,568
391,sat_writing,711
392,sat_verbal,708
392,sat_math,524
392,sat_writing,452
393,sat_verbal,448
393,sat_math,449
393,sat_writing,403
394,sat_verbal,412
394,sat_math,696
394,sat_writing,427
395,sat_verbal,570
395,sat_math,529
395,sat_writing,509
396,sat_verbal,468
396,sat_math,574
396,sat_writing,410
397,sat_verbal,592
397,sat_math,467
397,sat_writing,582
398,sat_verbal,482
398,sat_math,369
398,sat_writing,569
399,sat_verbal,328
399,sat_math,516
399,sat_writing,478
400,sat_verbal,325
400,sat_math,303
400,sat_writing,535
401,sat_verbal,445
401,sat_math,594
401,sat_writing,507
402,sat_verbal,329
402,sat_math,490
402,sat_writing,285
403,sat_verbal,389
403,sat_math,428
403,sat_writing,503
404,sat_verbal,375
404,sat_math,570
404,sat_writing,445
405,sat_verbal,536
405,sat_math,461
405,sat_writing,463
406,sat_verbal,471
406,sat_math,416
406,sat_writing,441
407,sat_verbal,483
407,sat_math,504
407,sat_writing,563
408,sat_verbal,592
408,sat_math,560
408,sat_writing,525
409,sat_verbal,556
409,sat_math,639
409,sat_writing,486
410,sat_verbal,531
410,sat_math,471
410,sat_writing,442
411,sat_verbal,475
411,sat_math,682
411,sat_writing,518
412,sat_verbal,544
412,sat_math,566
412,sat_writing,367
413,sat_verbal,338
413,sat_math,677
413,sat_writing,348
414,sat_verbal,497
414,sat_math,522
414,sat_writing,530
415,sat_verbal,249
415,sat_math,613
415,sat_writing,640
416,sat_verbal,348
416,sat_math,462
416,sat_writing,232
417,sat_verbal,352
417,sat_math,465
417,sat_writing,526
418,sat_verbal,546
418,sat_math,394
418,sat_writing,326
419,sat_verbal,469
419,sat_math,686
419,sat_writing,493
420,sat_verbal,625
420,sat_math,553
420,sat_writing,516
421,sat_verbal,492
421,sat_math,419
421,sat_writing,616
422,sat_verbal,515
422,sat_math,559
422,sat_writing,366
423,sat_verbal,575
423,sat_math,440
423,sat_writing,557
424,sat_verbal,155
424,sat_math,547
424,sat_writing,528
425,sat_verbal,652
425,sat_math,465
425,sat_writing,406
426,sat_verbal,585
426,sat_math,463
426,sat_writing,506
427,sat_verbal,457
427,sat_math,585
427,sat_writing,443
428,sat_verbal,433
428,sat_math,520
428,sat_writing,506
429,sat_verbal,435
429,sat_math,458
429,sat_writing,600
430,sat_verbal,386
430,sat_math,578
430,sat_writing,337
431,sat_verbal,668
431,sat_math,614
431,sat_writing,511
432,sat_verbal,435
432,sat_math,434
432,sat_writing,418
433,sat_verbal,462
433,sat_math,578
433,sat_writing,680
434,sat_verbal,573
434,sat_math,511
434,sat_writing,417
435,sat_verbal,580
435,sat_math,558
435,sat_writing,343
436,sat_verbal,458
436,sat_math,549
436,sat_writing,407
437,sat_verbal,574
437,sat_math,466
437,sat_writing,467
438,sat_verbal,607
438,sat_math,510
438,sat_writing,337
439,sat_verbal,539
439,sat_math,476
439,sat_writing,533
440,sat_verbal,213
440,sat_math,152
440,sat_writing,426
441,sat_verbal,557
441,sat_math,654
441,sat_writing,447
442,sat_verbal,486
442,sat_math,442
442,sat_writing,390
443,sat_verbal,429
443,sat_math,627
443,sat_writing,587
444,sat_verbal,373
444,sat_math,585
444,sat_writing,625
445,sat_verbal,390
445,sat_math,552
445,sat_writing,452
446,sat_verbal,433
446,sat_math,462
446,sat_writing,536
447,sat_verbal,472
447,sat_math,668
447,sat_writing,560
448,sat_verbal,635
448,sat_math,494
448,sat_writing,630
449,sat_verbal,613
449,sat_math,615
449,sat_writing,454
450,sat_verbal,473
450,sat_math,343
450,sat_writing,392
451,sat_verbal,345
451,sat_math,308
451,sat_writing,466
452,sat_verbal,556
452,sat_math,472
452,sat_writing,453
453,sat_verbal,424
453,sat_math,422
453,sat_writing,489
454,sat_verbal,757
454,sat_math,577
454,sat_writing,501
455,sat_verbal,472
455,sat_math,261
455,sat_writing,572
456,sat_verbal,420
456,sat_math,483
456,sat_writing,334
457,sat_verbal,573
457,sat_math,666
457,sat_writing,346
458,sat_verbal,520
458,sat_math,535
458,sat_writing,520
459,sat_verbal,501
459,sat_math,524
459,sat_writing,668
460,sat_verbal,491
460,sat_math,369
460,sat_writing,572
461,sat_verbal,539
461,sat_math,558
461,sat_writing,557
462,sat_verbal,729
462,sat_math,569
462,sat_writing,496
463,sat_verbal,511
463,sat_math,550
463,sat_writing,360
464,sat_verbal,561
464,sat_math,366
464,sat_writing,391
465,sat_verbal,561
465,sat_math,455
465,sat_writing,415
466,sat_verbal,440
466,sat_math,673
466,sat_writing,616
467,sat_verbal,532
467,sat_math,407
467,sat_writing,614
468,sat_verbal,640
468,sat_math,457
468,sat_writing,531
469,sat_verbal,522
469,sat_math,429
469,sat_writing,314
470,sat_verbal,519
470,sat_math,469
470,sat_writing,455
471,sat_verbal,526
471,sat_math,631
471,sat_writing,325
472,sat_verbal,417
472,sat_math,572
472,sat_writing,617
473,sat_verbal,294
473,sat_math,441
473,sat_writing,448
474,sat_verbal,536
474,sat_math,560
474,sat_writing,424
475,sat_verbal,420
475,sat_math,587
475,sat_writing,356
476,sat_verbal,523
476,sat_math,754
476,sat_writing,521
477,sat_verbal,507
477,sat_math,511
477,sat_writing,601
478,sat_verbal,557
478,sat_math,791
478,sat_writing,554
479,sat_verbal,420
479,sat_math,504
479,sat_writing,471
480,sat_verbal,482
480,sat_math,350
480,sat_writing,467
481,sat_verbal,734
481,sat_math,554
481,sat_writing,638
482,sat_verbal,421
482,sat_math,620
482,sat_writing,489
483,sat_verbal,411
483,sat_math,523
483,sat_writing,554
484,sat_verbal,590
484,sat_math,520
484,sat_writing,555
485,sat_verbal,584
485,sat_math,663
485,sat_writing,721
486,sat_verbal,646
486,sat_math,593
486,sat_writing,414
487,sat_verbal,351
487,sat_math,363
487,sat_writing,331
488,sat_verbal,535
488,sat_math,561
488,sat_writing,536
489,sat_verbal,621
489,sat_math,497
489,sat_writing,408
490,sat_verbal,597
490,sat_math,520
490,sat_writing,394
491,sat_verbal,285
491,sat_math,322
491,sat_writing,375
492,sat_verbal,447
492,sat_math,381
492,sat_writing,545
493,sat_verbal,475
493,sat_math,440
493,sat_writing,507
494,sat_verbal,600
494,sat_math,471
494,sat_writing,574
495,sat_verbal,507
495,sat_math,665
495,sat_writing,420
496,sat_verbal,544
496,sat_math,638
496,sat_writing,460
497,sat_verbal,435
497,sat_math,669
497,sat_writing,490
498,sat_verbal,554
498,sat_math,394
498,sat_writing,583
499,sat_verbal,341
499,sat_math,682
499,sat_writing,529
500,sat_verbal,477
500,sat_math,690
500,sat_writing,532
501,sat_verbal,462
501,sat_math,389
501,sat_writing,660
502,sat_verbal,450
502,sat_math,382
502,sat_writing,459
503,sat_verbal,493
503,sat_math,563
503,sat_writing,318
504,sat_verbal,527
504,sat_math,526
504,sat_writing,657
505,sat_verbal,496
505,sat_math,595
505,sat_writing,453
506,sat_verbal,533
506,sat_math,651
506,sat_writing,577
507,sat_verbal,483
507,sat_math,440
507,sat_writing,528
508,sat_verbal,394
508,sat_math,493
508,sat_writing,434
509,sat_verbal,472
509,sat_math,581
509,sat_writing,590
510,sat_verbal,712
510,sat_math,552
510,sat_writing,567
511,sat_verbal,661
511,sat_math,506
511,sat_writing,513
512,sat_verbal,429
512,sat_math,261
512,sat_writing,359
513,sat_verbal,483
513,sat_math,364
513,sat_writing,524
514,sat_verbal,430
514,sat_math,466
514,sat_writing,517
515,sat_verbal,659
515,sat_math,563
515,sat_writing,537
516,sat_verbal,486
516,sat_math,468
516,sat_writing,470
517,sat_verbal,361
517,sat_math,481
517,sat_writing,420
518,sat_verbal,600
518,sat_math,480
518,sat_writing,539
519,sat_verbal,516
519,sat_math,373
519,sat_writing,377
520,sat_verbal,371
520,sat_math,529
520,sat_writing,464
521,sat_verbal,381
521,sat_math,568
521,sat_writing,438
522,sat_verbal,301
522,sat_math,491
522,sat_writing,328
523,sat_verbal,574
523,sat_math,295
523,sat_writing,426
524,sat_verbal,501
524,sat_math,519
524,sat_writing,598
525,sat_verbal,440
525,sat_math,597
525,sat_writing,293
526,sat_verbal,522
526,sat_math,752
526,sat_writing,665
527,sat_verbal,454
527,sat_math,274
527,sat_writing,547
528,sat_verbal,355
528,sat_math,569
528,sat_writing,455
529,sat_verbal,468
529,sat_math,190
529,sat_writing,445
530,sat_verbal,361
530,sat_math,566
530,sat_writing,395
531,sat_verbal,302
531,sat_math,337
531,sat_writing,462
532,sat_verbal,311
532,sat_math,437
532,sat_writing,582
533,sat_verbal,497
533,sat_math,501
533,sat_writing,589
534,sat_verbal,330
534,sat_math,528
534,sat_writing,419
535,sat_verbal,622
535,sat_math,433
535,sat_writing,625
536,sat_verbal,704
536,sat_math,475
536,sat_writing,486
537,sat_verbal,411
537,sat_math,679
537,sat_writing,511
538,sat_verbal,455
538,sat_math,456
538,sat_writing,428
539,sat_verbal,538
539,sat_math,589
539,sat_writing,591
540,sat_verbal,639
540,sat_math,566
540,sat_writing,280
541,sat_verbal,525
541,sat_math,357
541,sat_writing,372
542,sat_verbal,377
542,sat_math,433
542,sat_writing,565
543,sat_verbal,415
543,sat_math,369
543,sat_writing,546
544,sat_verbal,443
544,sat_math,521
544,sat_writing,580
545,sat_verbal,300
545,sat_math,450
545,sat_writing,364
546,sat_verbal,555
546,sat_math,468
546,sat_writing,597
547,sat_verbal,438
547,sat_math,285
547,sat_writing,550
548,sat_verbal,457
548,sat_math,391
548,sat_writing,585
549,sat_verbal,576
549,sat_math,442
549,sat_writing,241
550,sat_verbal,459
550,sat_math,593
550,sat_writing,371
551,sat_verbal,414
551,sat_math,422
551,sat_writing,480
552,sat_verbal,519
552,sat_math,809
552,sat_writing,708
553,sat_verbal,549
553,sat_math,501
553,sat_writing,599
554,sat_verbal,476
554,sat_math,502
554,sat_writing,452
555,sat_verbal,598
555,sat_math,569
555,sat_writing,382
556,sat_verbal,652
556,sat_math,571
556,sat_writing,537
557,sat_verbal,397
557,sat_math,662
557,sat_writing,525
558,sat_verbal,358
558,sat_math,538
558,sat_writing,431
559,sat_verbal,686
559,sat_math,642
559,sat_writing,401
560,sat_verbal,373
560,sat_math,506
560,sat_writing,406
561,sat_verbal,528
561,sat_math,635
561,sat_writing,464
562,sat_verbal,450
562,sat_math,561
562,sat_writing,429
563,sat_verbal,465
563,sat_math,600
563,sat_writing,512
564,sat_verbal,557
564,sat_math,424
564,sat_writing,453
565,sat_verbal,344
565,sat_math,444
565,sat_writing,455
566,sat_verbal,416
566,sat_math,458
566,sat_writing,698
567,sat_verbal,349
567,sat_math,446
567,sat_writing,372
568,sat_verbal,491
568,sat_math,515
568,sat_writing,533
569,sat_verbal,616
569,sat_math,452
569,sat_writing,417
570,sat_verbal,556
570,sat_math,673
570,sat_writing,492
571,sat_verbal,387
571,sat_math,421
571,sat_writing,506
572,sat_verbal,372
572,sat_math,496
572,sat_writing,353
573,sat_verbal,175
573,sat_math,498
573,sat_writing,614
574,sat_verbal,449
574,sat_math,469
574,sat_writing,244
575,sat_verbal,622
575,sat_math,413
575,sat_writing,541
576,sat_verbal,425
576,sat_math,544
576,sat_writing,628
577,sat_verbal,574
577,sat_math,539
577,sat_writing,508
578,sat_verbal,682
578,sat_math,768
578,sat_writing,685
579,sat_verbal,521
579,sat_math,493
579,sat_writing,513
580,sat_verbal,428
580,sat_math,558
580,sat_writing,650
581,sat_verbal,529
581,sat_math,562
581,sat_writing,330
582,sat_verbal,512
582,sat_math,559
582,sat_writing,320
583,sat_verbal,440
583,sat_math,419
583,sat_writing,678
584,sat_verbal,384
584,sat_math,450
584,sat_writing,511
585,sat_verbal,503
585,sat_math,396
585,sat_writing,553
586,sat_verbal,548
586,sat_math,468
586,sat_writing,519
587,sat_verbal,563
587,sat_math,676
587,sat_writing,447
588,sat_verbal,408
588,sat_math,665
588,sat_writing,337
589,sat_verbal,366
589,sat_math,509
589,sat_writing,566
590,sat_verbal,410
590,sat_math,341
590,sat_writing,490
591,sat_verbal,329
591,sat_math,493
591,sat_writing,695
592,sat_verbal,508
592,sat_math,414
592,sat_writing,513
593,sat_verbal,416
593,sat_math,571
593,sat_writing,528
594,sat_verbal,431
594,sat_math,601
594,sat_writing,413
595,sat_verbal,592
595,sat_math,586
595,sat_writing,447
596,sat_verbal,467
596,sat_math,569
596,sat_writing,506
597,sat_verbal,519
597,sat_math,468
597,sat_writing,499
598,sat_verbal,414
598,sat_math,603
598,sat_writing,572
599,sat_verbal,458
599,sat_math,445
599,sat_writing,438
600,sat_verbal,437
600,sat_math,612
600,sat_writing,288
601,sat_verbal,436
601,sat_math,449
601,sat_writing,501
602,sat_verbal,559
602,sat_math,565
602,sat_writing,304
603,sat_verbal,425
603,sat_math,586
603,sat_writing,382
604,sat_verbal,539
604,sat_math,558
604,sat_writing,384
605,sat_verbal,624
605,sat_math,304
605,sat_writing,644
606,sat_verbal,412
606,sat_math,498
606,sat_writing,463
607,sat_verbal,527
607,sat_math,457
607,sat_writing,449
608,sat_verbal,425
608,sat_math,517
608,sat_writing,441
609,sat_verbal,626
609,sat_math,560
609,sat_writing,534
610,sat_verbal,488
610,sat_math,414
610,sat_writing,321
611,sat_verbal,444
611,sat_math,613
611,sat_writing,500
612,sat_verbal,544
612,sat_math,525
612,sat_writing,631
613,sat_verbal,400
613,sat_math,511
613,sat_writing,412
614,sat_verbal,621
614,sat_math,469
614,sat_writing,404
615,sat_verbal,559
615,sat_math,547
615,sat_writing,543
616,sat_verbal,415
616,sat_math,526
616,sat_writing,412
617,sat_verbal,659
617,sat_math,262
617,sat_writing,244
618,sat_verbal,409
618,sat_math,556
618,sat_writing,398
619,sat_verbal,634
619,sat_math,337
619,sat_writing,314
620,sat_verbal,586
620,sat_math,592
620,sat_writing,519
621,sat_verbal,389
621,sat_math,300
621,sat_writing,605
622,sat_verbal,598
622,sat_math,690
622,sat_writing,482
623,sat_verbal,508
623,sat_math,438
623,sat_writing,427
624,sat_verbal,557
624,sat_math,532
624,sat_writing,672
625,sat_verbal,537
625,sat_math,614
625,sat_writing,545
626,sat_verbal,492
626,sat_math,455
626,sat_writing,548
627,sat_verbal,451
627,sat_math,372
627,sat_writing,616
628,sat_verbal,289
628,sat_math,607
628,sat_writing,419
629,sat_verbal,424
629,sat_math,599
629,sat_writing,488
630,sat_verbal,608
630,sat_math,536
630,sat_writing,410
631,sat_verbal,418
631,sat_math,522
631,sat_writing,582
632,sat_verbal,549
632,sat_math,515
632,sat_writing,339
633,sat_verbal,486
633,sat_math,605
633,sat_writing,399
634,sat_verbal,517
634,sat_math,388
634,sat_writing,487
635,sat_verbal,534
635,sat_math,514
635,sat_writing,623
636,sat_verbal,620
636,sat_math,566
636,sat_writing,468
637,sat_verbal,393
637,sat_math,481
637,sat_writing,446
638,sat_verbal,684
638,sat_math,431
638,sat_writing,562
639,sat_verbal,422
639,sat_math,338
639,sat_writing,455
640,sat_verbal,503
640,sat_math,500
640,sat_writing,455
641,sat_verbal,541
641,sat_math,543
641,sat_writing,560
642,sat_verbal,592
642,sat_math,594
642,sat_writing,583
643,sat_verbal,480
643,sat_math,441
643,sat_writing,506
644,sat_verbal,613
644,sat_math,341
644,sat_writing,620
645,sat_verbal,533
645,sat_math,671
645,sat_writing,703
646,sat_verbal,639
646,sat_math,191
646,sat_writing,435
647,sat_verbal,562
647,sat_math,615
647,sat_writing,644
648,sat_verbal,536
648,sat_math,654
648,sat_writing,373
649,sat_verbal,480
649,sat_math,466
649,sat_writing,380
650,sat_verbal,335
650,sat_math,349
650,sat_writing,737
651,sat_verbal,600
651,sat_math,337
651,sat_writing,413
652,sat_verbal,485
652,sat_math,686
652,sat_writing,634
653,sat_verbal,394
653,sat_math,484
653,sat_writing,406
654,sat_verbal,481
654,sat_math,382
654,sat_writing,516
655,sat_verbal,327
655,sat_math,226
655,sat_writing,330
656,sat_verbal,420
656,sat_math,622
656,sat_writing,346
657,sat_verbal,500
657,sat_math,472
657,sat_writing,494
658,sat_verbal,641
658,sat_math,302
658,sat_writing,580
659,sat_verbal,230
659,sat_math,238
659,sat_writing,527
660,sat_verbal,496
660,sat_math,600
660,sat_writing,606
661,sat_verbal,479
661,sat_math,363
661,sat_writing,375
662,sat_verbal,374
662,sat_math,397
662,sat_writing,375
663,sat_verbal,469
663,sat_math,487
663,sat_writing,433
664,sat_verbal,517
664,sat_math,322
664,sat_writing,514
665,sat_verbal,521
665,sat_math,507
665,sat_writing,481
666,sat_verbal,500
666,sat_math,593
666,sat_writing,456
667,sat_verbal,581
667,sat_math,628
667,sat_writing,600
668,sat_verbal,404
668,sat_math,735
668,sat_writing,548
669,sat_verbal,384
669,sat_math,623
669,sat_writing,389
670,sat_verbal,448
670,sat_math,471
670,sat_writing,454
671,sat_verbal,416
671,sat_math,348
671,sat_writing,310
672,sat_verbal,472
672,sat_math,524
672,sat_writing,449
673,sat_verbal,510
673,sat_math,403
673,sat_writing,444
674,sat_verbal,366
674,sat_math,429
674,sat_writing,502
675,sat_verbal,439
675,sat_math,492
675,sat_writing,475
676,sat_verbal,511
676,sat_math,665
676,sat_writing,593
677,sat_verbal,583
677,sat_math,634
677,sat_writing,467
678,sat_verbal,448
678,sat_math,436
678,sat_writing,549
679,sat_verbal,596
679,sat_math,427
679,sat_writing,599
680,sat_verbal,486
680,sat_math,685
680,sat_writing,426
681,sat_verbal,633
681,sat_math,528
681,sat_writing,575
682,sat_verbal,470
682,sat_math,595
682,sat_writing,477
683,sat_verbal,489
683,sat_math,632
683,sat_writing,532
684,sat_verbal,326
684,sat_math,457
684,sat_writing,525
685,sat_verbal,493
685,sat_math,424
685,sat_writing,583
686,sat_verbal,718
686,sat_math,561
686,sat_writing,380
687,sat_verbal,448
687,sat_math,539
687,sat_writing,383
688,sat_verbal,782
688,sat_math,616
688,sat_writing,248
689,sat_verbal,478
689,sat_math,509
689,sat_writing,537
690,sat_verbal,643
690,sat_math,649
690,sat_writing,631
691,sat_verbal,493
691,sat_math,627
691,sat_writing,539
692,sat_verbal,693
692,sat_math,745
692,sat_writing,453
693,sat_verbal,408
693,sat_math,518
693,sat_writing,347
694,sat_verbal,247
694,sat_math,594
694,sat_writing,231
695,sat_verbal,600
695,sat_math,438
695,sat_writing,584
696,sat_verbal,354
696,sat_math,633
696,sat_writing,430
697,sat_verbal,229
697,sat_math,477
697,sat_writing,502
698,sat_verbal,620
698,sat_math,550
698,sat_writing,394
699,sat_verbal,492
699,sat_math,533
699,sat_writing,651
700,sat_verbal,428
700,sat_math,622
700,sat_writing,393
701,sat_verbal,309
701,sat_math,371
701,sat_writing,365
702,sat_verbal,587
702,sat_math,438
702,sat_writing,315
703,sat_verbal,625
703,sat_math,536
703,sat_writing,449
704,sat_verbal,577
704,sat_math,661
704,sat_writing,498
705,sat_verbal,301
705,sat_math,493
705,sat_writing,604
706,sat_verbal,612
706,sat_math,486
706,sat_writing,612
707,sat_verbal,366
707,sat_math,364
707,sat_writing,629
708,sat_verbal,535
708,sat_math,245
708,sat_writing,515
709,sat_verbal,587
709,sat_math,449
709,sat_writing,395
710,sat_verbal,480
710,sat_math,685
710,sat_writing,592
711,sat_verbal,448
711,sat_math,371
711,sat_writing,326
712,sat_verbal,342
712,sat_math,507
712,sat_writing,346
713,sat_verbal,428
713,sat_math,424
713,sat_writing,452
714,sat_verbal,397
714,sat_math,625
714,sat_writing,543
715,sat_verbal,565
715,sat_math,432
715,sat_writing,399
716,sat_verbal,337
716,sat_math,543
716,sat_writing,364
717,sat_verbal,533
717,sat_math,586
717,sat_writing,315
718,sat_verbal,625
718,sat_math,423
718,sat_writing,434
719,sat_verbal,384
719,sat_math,429
719,sat_writing,374
720,sat_verbal,434
720,sat_math,318
720,sat_writing,531
721,sat_verbal,590
721,sat_math,755
721,sat_writing,570
722,sat_verbal,546
722,sat_math,381
722,sat_writing,403
723,sat_verbal,632
723,sat_math,606
723,sat_writing,467
724,sat_verbal,511
724,sat_math,606
724,sat_writing,452
725,sat_verbal,250
725,sat_math,551
725,sat_writing,598
726,sat_verbal,450
726,sat_math,705
726,sat_writing,401
727,sat_verbal,396
727,sat_math,578
727,sat_writing,667
728,sat_verbal,411
728,sat_math,507
728,sat_writing,420
729,sat_verbal,662
729,sat_math,471
729,sat_writing,383
730,sat_verbal,648
730,sat_math,569
730,sat_writing,572
731,sat_verbal,517
731,sat_math,503
731,sat_writing,547
732,sat_verbal,279
732,sat_math,339
732,sat_writing,673
733,sat_verbal,482
733,sat_math,547
733,sat_writing,529
734,sat_verbal,220
734,sat_math,525
734,sat_writing,337
735,sat_verbal,760
735,sat_math,434
735,sat_writing,289
736,sat_verbal,521
736,sat_math,615
736,sat_writing,311
737,sat_verbal,528
737,sat_math,368
737,sat_writing,677
738,sat_verbal,493
738,sat_math,573
738,sat_writing,293
739,sat_verbal,556
739,sat_math,659
739,sat_writing,564
740,sat_verbal,582
740,sat_math,599
740,sat_writing,343
741,sat_verbal,296
741,sat_math,566
741,sat_writing,428
742,sat_verbal,344
742,sat_math,456
742,sat_writing,564
743,sat_verbal,672
743,sat_math,527
743,sat_writing,515
744,sat_verbal,570
744,sat_math,505
744,sat_writing,469
745,sat_verbal,650
745,sat_math,538
745,sat_writing,649
746,sat_verbal,407
746,sat_math,484
746,sat_writing,364
747,sat_verbal,639
747,sat_math,620
747,sat_writing,506
748,sat_verbal,403
748,sat_math,340
748,sat_writing,465
749,sat_verbal,522
749,sat_math,586
749,sat_writing,485
750,sat_verbal,337
750,sat_math,275
750,sat_writing,608
751,sat_verbal,335
751,sat_math,552
751,sat_writing,470
752,sat_verbal,341
752,sat_math,513
752,sat_writing,510
753,sat_verbal,279
753,sat_math,773
753,sat_writing,653
754,sat_verbal,365
754,sat_math,442
754,sat_writing,574
755,sat_verbal,361
755,sat_math,631
755,sat_writing,604
756,sat_verbal,280
756,sat_math,544
756,sat_writing,566
757,sat_verbal,749
757,sat_math,437
757,sat_writing,312
758,sat_verbal,520
758,sat_math,538
758,sat_writing,723
759,sat_verbal,524
759,sat_math,472
759,sat_writing,617
760,sat_verbal,275
760,sat_math,769
760,sat_writing,629
761,sat_verbal,577
761,sat_math,354
761,sat_writing,545
762,sat_verbal,462
762,sat_math,545
762,sat_writing,691
763,sat_verbal,462
763,sat_math,795
763,sat_writing,497
764,sat_verbal,621
764,sat_math,537
764,sat_writing,429
765,sat_verbal,762
765,sat_math,622
765,sat_writing,590
766,sat_verbal,623
766,sat_math,611
766,sat_writing,243
767,sat_verbal,519
767,sat_math,387
767,sat_writing,397
768,sat_verbal,817
768,sat_math,844
768,sat_writing,569
769,sat_verbal,482
769,sat_math,568
769,sat_writing,600
770,sat_verbal,606
770,sat_math,583
770,sat_writing,287
771,sat_verbal,658
771,sat_math,565
771,sat_writing,675
772,sat_verbal,686
772,sat_math,325
772,sat_writing,490
773,sat_verbal,399
773,sat_math,526
773,sat_writing,399
774,sat_verbal,432
774,sat_math,624
774,sat_writing,283
775,sat_verbal,538
775,sat_math,472
775,sat_writing,385
776,sat_verbal,117
776,sat_math,544
776,sat_writing,237
777,sat_verbal,520
777,sat_math,353
777,sat_writing,461
778,sat_verbal,492
778,sat_math,331
778,sat_writing,637
779,sat_verbal,449
779,sat_math,604
779,sat_writing,680
780,sat_verbal,406
780,sat_math,466
780,sat_writing,390
781,sat_verbal,664
781,sat_math,363
781,sat_writing,440
782,sat_verbal,369
782,sat_math,538
782,sat_writing,576
783,sat_verbal,493
783,sat_math,393
783,sat_writing,614
784,sat_verbal,135
784,sat_math,656
784,sat_writing,508
785,sat_verbal,377
785,sat_math,545
785,sat_writing,595
786,sat_verbal,531
786,sat_math,649
786,sat_writing,726
787,sat_verbal,578
787,sat_math,719
787,sat_writing,615
788,sat_verbal,484
788,sat_math,521
788,sat_writing,562
789,sat_verbal,710
789,sat_math,356
789,sat_writing,507
790,sat_verbal,622
790,sat_math,456
790,sat_writing,538
791,sat_verbal,373
791,sat_math,570
791,sat_writing,524
792,sat_verbal,517
792,sat_math,591
792,sat_writing,412
793,sat_verbal,552
793,sat_math,703
793,sat_writing,505
794,sat_verbal,406
794,sat_math,555
794,sat_writing,469
795,sat_verbal,428
795,sat_math,529
795,sat_writing,426
796,sat_verbal,578
796,sat_math,596
796,sat_writing,501
797,sat_verbal,336
797,sat_math,529
797,sat_writing,643
798,sat_verbal,451
798,sat_math,565
798,sat_writing,452
799,sat_verbal,334
799,sat_math,569
799,sat_writing,464
800,sat_verbal,439
800,sat_math,487
800,sat_writing,503
801,sat_verbal,489
801,sat_math,541
801,sat_writing,498
802,sat_verbal,566
802,sat_math,564
802,sat_writing,437
803,sat_verbal,507
803,sat_math,327
803,sat_writing,317
804,sat_verbal,494
804,sat_math,596
804,sat_writing,595
805,sat_verbal,454
805,sat_math,456
805,sat_writing,485
806,sat_verbal,338
806,sat_math,809
806,sat_writing,559
807,sat_verbal,397
807,sat_math,659
807,sat_writing,321
808,sat_verbal,750
808,sat_math,392
808,sat_writing,415
809,sat_verbal,621
809,sat_math,702
809,sat_writing,516
810,sat_verbal,338
810,sat_math,639
810,sat_writing,540
811,sat_verbal,598
811,sat_math,605
811,sat_writing,293
812,sat_verbal,472
812,sat_math,441
812,sat_writing,456
813,sat_verbal,275
813,sat_math,522
813,sat_writing,486
814,sat_verbal,453
814,sat_math,422
814,sat_writing,651
815,sat_verbal,466
815,sat_math,427
815,sat_writing,595
816,sat_verbal,601
816,sat_math,301
816,sat_writing,495
817,sat_verbal,505
817,sat_math,636
817,sat_writing,508
818,sat_verbal,663
818,sat_math,454
818,sat_writing,415
819,sat_verbal,355
819,sat_math,285
819,sat_writing,544
820,sat_verbal,545
820,sat_math,294
820,sat_writing,171
821,sat_verbal,560
821,sat_math,702
821,sat_writing,676
822,sat_verbal,420
822,sat_math,237
822,sat_writing,542
823,sat_verbal,391
823,sat_math,431
823,sat_writing,414
824,sat_verbal,559
824,sat_math,653
824,sat_writing,285
825,sat_verbal,419
825,sat_math,618
825,sat_writing,249
826,sat_verbal,570
826,sat_math,386
826,sat_writing,372
827,sat_verbal,506
827,sat_math,613
827,sat_writing,438
828,sat_verbal,429
828,sat_math,467
828,sat_writing,444
829,sat_verbal,381
829,sat_math,582
829,sat_writing,647
830,sat_verbal,344
830,sat_math,310
830,sat_writing,416
831,sat_verbal,666
831,sat_math,405
831,sat_writing,423
832,sat_verbal,395
832,sat_math,268
832,sat_writing,474
833,sat_verbal,368
833,sat_math,439
833,sat_writing,547
834,sat_verbal,331
834,sat_math,594
834,sat_writing,429
835,sat_verbal,487
835,sat_math,603
835,sat_writing,413
836,sat_verbal,580
836,sat_math,554
836,sat_writing,443
837,sat_verbal,280
837,sat_math,445
837,sat_writing,549
838,sat_verbal,450
838,sat_math,476
838,sat_writing,522
839,sat_verbal,487
839,sat_math,517
839,sat_writing,479
840,sat_verbal,690
840,sat_math,483
840,sat_writing,561
841,sat_verbal,734
841,sat_math,425
841,sat_writing,501
842,sat_verbal,734
842,sat_math,560
842,sat_writing,477
843,sat_verbal,356
843,sat_math,565
843,sat_writing,442
844,sat_verbal,766
844,sat_math,608
844,sat_writing,582
845,sat_verbal,419
845,sat_math,487
845,sat_writing,607
846,sat_verbal,464
846,sat_math,340
846,sat_writing,405
847,sat_verbal,471
847,sat_math,806
847,sat_writing,643
848,sat_verbal,399
848,sat_math,309
848,sat_writing,471
849,sat_verbal,345
849,sat_math,570
849,sat_writing,362
850,sat_verbal,551
850,sat_math,396
850,sat_writing,380
851,sat_verbal,387
851,sat_math,585
851,sat_writing,363
852,sat_verbal,513
852,sat_math,392
852,sat_writing,682
853,sat_verbal,518
853,sat_math,385
853,sat_writing,720
854,sat_verbal,629
854,sat_math,494
854,sat_writing,489
855,sat_verbal,395
855,sat_math,472
855,sat_writing,492
856,sat_verbal,693
856,sat_math,339
856,sat_writing,657
857,sat_verbal,448
857,sat_math,415
857,sat_writing,289
858,sat_verbal,714
858,sat_math,443
858,sat_writing,531
859,sat_verbal,493
859,sat_math,666
859,sat_writing,413
860,sat_verbal,598
860,sat_math,433
860,sat_writing,595
861,sat_verbal,297
861,sat_math,675
861,sat_writing,320
862,sat_verbal,604
862,sat_math,481
862,sat_writing,385
863,sat_verbal,571
863,sat_math,500
863,sat_writing,488
864,sat_verbal,464
864,sat_math,517
864,sat_writing,545
865,sat_verbal,471
865,sat_math,453
865,sat_writing,504
866,sat_verbal,384
866,sat_math,654
866,sat_writing,364
867,sat_verbal,613
867,sat_math,347
867,sat_writing,644
868,sat_verbal,538
868,sat_math,517
868,sat_writing,559
869,sat_verbal,512
869,sat_math,495
869,sat_writing,526
870,sat_verbal,475
870,sat_math,544
870,sat_writing,405
871,sat_verbal,273
871,sat_math,513
871,sat_writing,472
872,sat_verbal,649
872,sat_math,679
872,sat_writing,394
873,sat_verbal,513
873,sat_math,480
873,sat_writing,357
874,sat_verbal,313
874,sat_math,483
874,sat_writing,255
875,sat_verbal,436
875,sat_math,403
875,sat_writing,614
876,sat_verbal,493
876,sat_math,228
876,sat_writing,418
877,sat_verbal,511
877,sat_math,737
877,sat_writing,540
878,sat_verbal,677
878,sat_math,357
878,sat_writing,468
879,sat_verbal,483
879,sat_math,606
879,sat_writing,592
880,sat_verbal,336
880,sat_math,354
880,sat_writing,670
881,sat_verbal,528
881,sat_math,295
881,sat_writing,430
882,sat_verbal,564
882,sat_math,408
882,sat_writing,400
883,sat_verbal,371
883,sat_math,381
883,sat_writing,427
884,sat_verbal,597
884,sat_math,454
884,sat_writing,462
885,sat_verbal,660
885,sat_math,594
885,sat_writing,415
886,sat_verbal,335
886,sat_math,350
886,sat_writing,356
887,sat_verbal,352
887,sat_math,568
887,sat_writing,401
888,sat_verbal,387
888,sat_math,503
888,sat_writing,533
889,sat_verbal,539
889,sat_math,629
889,sat_writing,522
890,sat_verbal,603
890,sat_math,426
890,sat_writing,452
891,sat_verbal,488
891,sat_math,442
891,sat_writing,506
892,sat_verbal,541
892,sat_math,598
892,sat_writing,618
893,sat_verbal,291
893,sat_math,551
893,sat_writing,427
894,sat_verbal,437
894,sat_math,472
894,sat_writing,681
895,sat_verbal,571
895,sat_math,540
895,sat_writing,544
896,sat_verbal,400
896,sat_math,359
896,sat_writing,434
897,sat_verbal,446
897,sat_math,403
897,sat_writing,544
898,sat_verbal,724
898,sat_math,372
898,sat_writing,312
899,sat_verbal,471
899,sat_math,480
899,sat_writing,447
900,sat_verbal,500
900,sat_math,375
900,sat_writing,593
901,sat_verbal,401
901,sat_math,454
901,sat_writing,649
902,sat_verbal,553
902,sat_math,373
902,sat_writing,437
903,sat_verbal,516
903,sat_math,612
903,sat_writing,544
904,sat_verbal,338
904,sat_math,434
904,sat_writing,558
905,sat_verbal,386
905,sat_math,473
905,sat_writing,437
906,sat_verbal,629
906,sat_math,539
906,sat_writing,459
907,sat_verbal,468
907,sat_math,660
907,sat_writing,390
908,sat_verbal,519
908,sat_math,459
908,sat_writing,376
909,sat_verbal,404
909,sat_math,451
909,sat_writing,561
910,sat_verbal,442
910,sat_math,529
910,sat_writing,514
911,sat_verbal,591
911,sat_math,441
911,sat_writing,462
912,sat_verbal,427
912,sat_math,655
912,sat_writing,345
913,sat_verbal,654
913,sat_math,433
913,sat_writing,481
914,sat_verbal,485
914,sat_math,376
914,sat_writing,531
915,sat_verbal,477
915,sat_math,235
915,sat_writing,453
916,sat_verbal,377
916,sat_math,280
916,sat_writing,223
917,sat_verbal,900
917,sat_math,505
917,sat_writing,471
918,sat_verbal,485
918,sat_math,583
918,sat_writing,247
919,sat_verbal,528
919,sat_math,601
919,sat_writing,742
920,sat_verbal,628
920,sat_math,529
920,sat_writing,495
921,sat_verbal,356
921,sat_math,465
921,sat_writing,488
922,sat_verbal,443
922,sat_math,466
922,sat_writing,331
923,sat_verbal,669
923,sat_math,398
923,sat_writing,502
924,sat_verbal,441
924,sat_math,507
924,sat_writing,424
925,sat_verbal,407
925,sat_math,406
925,sat_writing,498
926,sat_verbal,653
926,sat_math,439
926,sat_writing,489
927,sat_verbal,567
927,sat_math,441
927,sat_writing,524
928,sat_verbal,400
928,sat_math,523
928,sat_writing,320
929,sat_verbal,518
929,sat_math,482
929,sat_writing,428
930,sat_verbal,483
930,sat_math,642
930,sat_writing,717
931,sat_verbal,373
931,sat_math,644
931,sat_writing,557
932,sat_verbal,605
932,sat_math,470
932,sat_writing,429
933,sat_verbal,419
933,sat_math,700
933,sat_writing,687
934,sat_verbal,573
934,sat_math,512
934,sat_writing,419
935,sat_verbal,380
935,sat_math,640
935,sat_writing,391
936,sat_verbal,573
936,sat_math,514
936,sat_writing,504
937,sat_verbal,544
937,sat_math,388
937,sat_writing,419
938,sat_verbal,493
938,sat_math,510
938,sat_writing,601
939,sat_verbal,307
939,sat_math,707
939,sat_writing,461
940,sat_verbal,467
940,sat_math,811
940,sat_writing,372
941,sat_verbal,425
941,sat_math,571
941,sat_writing,396
942,sat_verbal,451
942,sat_math,572
942,sat_writing,404
943,sat_verbal,312
943,sat_math,674
943,sat_writing,648
944,sat_verbal,444
944,sat_math,503
944,sat_writing,626
945,sat_verbal,495
945,sat_math,794
945,sat_writing,424
946,sat_verbal,512
946,sat_math,372
946,sat_writing,539
947,sat_verbal,348
947,sat_math,339
947,sat_writing,204
948,sat_verbal,457
948,sat_math,391
948,sat_writing,275
949,sat_verbal,532
949,sat_math,501
949,sat_writing,463
950,sat_verbal,390
950,sat_math,522
950,sat_writing,256
951,sat_verbal,486
951,sat_math,326
951,sat_writing,615
952,sat_verbal,690
952,sat_math,462
952,sat_writing,540
953,sat_verbal,633
953,sat_math,595
953,sat_writing,770
954,sat_verbal,561
954,sat_math,447
954,sat_writing,464
955,sat_verbal,551
955,sat_math,483
955,sat_writing,633
956,sat_verbal,319
956,sat_math,581
956,sat_writing,444
957,sat_verbal,569
957,sat_math,495
957,sat_writing,279
958,sat_verbal,456
958,sat_math,442
958,sat_writing,719
959,sat_verbal,463
959,sat_math,335
959,sat_writing,417
960,sat_verbal,530
960,sat_math,613
960,sat_writing,608
961,sat_verbal,525
961,sat_math,446
961,sat_writing,513
962,sat_verbal,415
962,sat_math,438
962,sat_writing,673
963,sat_verbal,577
963,sat_math,621
963,sat_writing,466
964,sat_verbal,550
964,sat_math,500
964,sat_writing,514
965,sat_verbal,601
965,sat_math,551
965,sat_writing,483
966,sat_verbal,454
966,sat_math,434
966,sat_writing,481
967,sat_verbal,502
967,sat_math,520
967,sat_writing,392
968,sat_verbal,296
968,sat_math,380
968,sat_writing,532
969,sat_verbal,518
969,sat_math,443
969,sat_writing,553
970,sat_verbal,493
970,sat_math,530
970,sat_writing,494
971,sat_verbal,553
971,sat_math,518
971,sat_writing,311
972,sat_verbal,586
972,sat_math,656
972,sat_writing,578
973,sat_verbal,472
973,sat_math,291
973,sat_writing,542
974,sat_verbal,534
974,sat_math,441
974,sat_writing,559
975,sat_verbal,242
975,sat_math,397
975,sat_writing,656
976,sat_verbal,552
976,sat_math,656
976,sat_writing,390
977,sat_verbal,412
977,sat_math,501
977,sat_writing,530
978,sat_verbal,363
978,sat_math,438
978,sat_writing,684
979,sat_verbal,354
979,sat_math,505
979,sat_writing,480
980,sat_verbal,403
980,sat_math,404
980,sat_writing,366
981,sat_verbal,514
981,sat_math,369
981,sat_writing,495
982,sat_verbal,396
982,sat_math,402
982,sat_writing,449
983,sat_verbal,393
983,sat_math,354
983,sat_writing,623
984,sat_verbal,546
984,sat_math,443
984,sat_writing,512
985,sat_verbal,625
985,sat_math,542
985,sat_writing,497
986,sat_verbal,600
986,sat_math,420
986,sat_writing,432
987,sat_verbal,598
987,sat_math,617
987,sat_writing,463
988,sat_verbal,563
988,sat_math,659
988,sat_writing,311
989,sat_verbal,327
989,sat_math,581
989,sat_writing,532
990,sat_verbal,786
990,sat_math,507
990,sat_writing,544
991,sat_verbal,460
991,sat_math,659
991,sat_writing,493
992,sat_verbal,545
992,sat_math,534
992,sat_writing,541
993,sat_verbal,507
993,sat_math,602
993,sat_writing,540
994,sat_verbal,595
994,sat_math,539
994,sat_writing,543
995,sat_verbal,547
995,sat_math,578
995,sat_writing,427
996,sat_verbal,295
996,sat_math,697
996,sat_writing,464
997,sat_verbal,673
997,sat_math,605
997,sat_writing,337
998,sat_verbal,643
998,sat_math,743
998,sat_writing,271
999,sat_verbal,385
999,sat_math,738
999,sat_writing,469
1000,sat_verbal,588
1000,sat_math,630
1000,sat_writing,503
