{"chunk_definitions":[{"row":28,"row_count":1,"visible":true,"expansion_state":0,"options":{"engine":"r","label":"setup","include":false,"cache":false,"dev":"png"},"document_id":"FEB297F5","chunk_id":"csetup_chunk","chunk_label":"setup"},{"row":54,"row_count":1,"visible":true,"expansion_state":0,"options":{"engine":"r","label":"unnamed-chunk-2","dev":"png"},"document_id":"DA9C45F2","chunk_id":"ctg50fh5vq923","chunk_label":"unnamed-chunk-1"},{"row":67,"row_count":1,"visible":true,"expansion_state":0,"options":{"engine":"r","label":"unnamed-chunk-3","dev":"png"},"document_id":"DA9C45F2","chunk_id":"ccmal8pbnklkh","chunk_label":"unnamed-chunk-2"},{"row":128,"row_count":1,"visible":true,"expansion_state":0,"options":{"engine":"r","label":"unnamed-chunk-5","dev":"png"},"document_id":"DA9C45F2","chunk_id":"cmolkq2hg1hpp","chunk_label":"unnamed-chunk-4"}],"doc_write_time":1711654896,"chunk_rendered_width":681}