{"chunk_definitions":[{"row":57,"row_count":1,"visible":true,"expansion_state":0,"options":{"engine":"r","message":false,"warning":false,"label":"unnamed-chunk-2"},"document_id":"C790B23F","chunk_id":"cvua3abpezprn","chunk_label":"unnamed-chunk-3"},{"row":58,"row_count":1,"visible":true,"expansion_state":0,"options":{"engine":"r","message":false,"warning":false,"label":"unnamed-chunk-4"},"document_id":"5F6E4C70","chunk_id":"cxxkhnbvehrbw","chunk_label":"unnamed-chunk-3"}],"doc_write_time":1695745188}