﻿city,rate
Atlanta,13.75
Atlanta,13.75
Atlanta,13.50
Atlanta,13.50
Atlanta,13.00
Atlanta,13.00
Atlanta,13.00
Atlanta,12.75
Atlanta,12.50
Chicago,14.25
Chicago,13.00
Chicago,12.75
Chicago,12.50
Chicago,12.50
Chicago,12.40
Chicago,12.30
Chicago,11.90
Chicago,11.90
Houston,14.00
Houston,14.00
Houston,13.51
Houston,13.50
Houston,13.50
Houston,13.25
Houston,13.00
Houston,12.50
Houston,12.50
Memphis,15.00
Memphis,14.00
Memphis,13.75
Memphis,13.59
Memphis,13.25
Memphis,12.97
Memphis,12.50
Memphis,12.25
Memphis,11.89
New York,14.50
New York,14.00
New York,14.00
New York,13.90
New York,13.75
New York,13.25
New York,13.00
New York,12.50
New York,12.45
Philadelphia,13.50
Philadelphia,12.25
Philadelphia,12.25
Philadelphia,12.00
Philadelphia,12.00
Philadelphia,12.00
Philadelphia,12.00
Philadelphia,11.90
Philadelphia,11.90
Philadelphia,12.25
